index,FEN,rating,theme,legal,unique,counter_intuitive,themes
1,8/p7/1p5p/6p1/1P3kP1/P6P/2N3K1/2b5 w - - 3 45,3246,mateIn3,True,False,False,
2,3R4/p4r1k/7p/p7/3b2p1/6P1/6PP/1qQ2R1K b - - 3 35,475,quietMove,True,True,False,endgame mateIn2 mate xRayAttack fork short
3,2r3k1/5ppp/1p1b4/1p6/8/P2PR2P/1R4P1/2B4K b - - 0 27,571,mate,True,True,False,endgame mateIn2 mate hangingPiece short
4,2k3r1/ppp2p2/2p1q3/2b4p/4P3/2NB1NPb/PPP1Q3/R3R2K b - - 0 18,951,mateIn2,True,False,True,
5,8/6pp/5p2/p7/1p2kP1P/1PP3P1/1P2K3/8 b - - 0 44,1821,zugzwang,True,False,True,
6,8/1r3kp1/1P4p1/1R3pK1/1b3P1P/6P1/p7/B3R3 b - - 4 40,1793,capturingDefender,True,False,False,
7,Q7/8/4p1pk/5p1p/5P2/7P/6PK/4q3 w - - 0 39,640,queenEndgame,True,True,False,endgame mateIn1 mate queenEndgame oneMove
8,r4r1k/pp4pp/2p1Q3/3pP3/3q4/8/P5PP/R4R1K w - - 2 21,959,backRankMate,True,False,True,
9,2k2r1r/ppN2ppp/3p1q2/4n3/3pPn2/8/PPP1BPPP/RN1Q1RK1 b - - 0 12,2904,equality,True,False,False,
10,1k1r3r/1p3R2/p3p3/N3Pq2/7b/P1P1p3/1P1N4/2KQ4 w - - 0 27,1247,anastasiaMate,True,False,True,
11,8/6kP/8/1b1p2P1/p4K2/P3PP2/8/8 w - - 1 47,1442,bishopEndgame,True,False,False,
12,r2q1k1r/p2n1pbp/3n4/4P3/2Q5/8/PPP3PP/RNB2RK1 w - - 1 17,469,opening,True,False,False,
13,Qn2k2r/p1p3pp/5p2/2b3N1/3qn3/1B6/PP3PPP/R1B2RK1 b k - 1 14,2868,castling,True,False,True,
14,1r4k1/1p1bp2p/p2p2p1/2pP2B1/2P5/1P1P3P/P4KP1/1R4K1 w - - 3 26,1798,underPromotion,True,,,
15,K7/P1k5/P7/8/8/8/8/8 b - - 0 60,478,zugzwang,True,False,False,
16,r4r1k/3b2bp/6p1/pN1R1p2/4pB2/2P2P1P/PPB3P1/KR6 b - - 4 32,850,smotheredMate,True,False,True,
17,r1b3k1/p1p3pp/1p1qp1p1/3P3r/2BQ4/1P3R2/PBP3Pb/R6K w - - 0 20,1475,intermezzo,True,True,False,middlegame mateIn1 mate kingsideAttack oneMove
18,r1b5/pp2p1kp/3p1np1/2p2rN1/7Q/2PPR2P/qP4PK/1R4K1 w - - 2 23,2210,sacrifice,True,,,
19,5b1k/p2r3p/2n3pP/1Np2qBn/2Q2p1P/4p3/PPP2P2/2K4R w - - 0 27,1059,fork,True,False,False,
20,Q1bk1r2/p1pp3p/1p3nq1/2b5/8/2N5/PPB2PPP/R1B2RK1 b - - 2 16,1979,opening,True,False,False,
21,r4nk1/p6p/Q1p4r/4P1p1/7q/2P1p1N1/P1P3PP/R4RK1 b - - 4 20,1739,oneMove,True,False,False,
22,6rk/1p3p2/2p2P2/p5RN/6p1/2K5/PP4r1/8 w - - 1 32,595,capturingDefender,True,False,True,
23,r3kr2/pQpn1Npp/3q1n2/1b6/8/8/PPPP1PPP/RNB1K2R b KQq - 1 11,2260,equality,True,False,True,
24,8/p2k4/2Rr1p2/P3p3/4P3/2P1K3/5P2/8 b - - 0 42,2585,underPromotion,True,False,True,
25,1q1r3k/7n/3p2p1/p1pP4/1pP1PR2/1P3QK1/P7/8 w - - 6 37,2710,exposedKing,True,False,True,
26,r1b2q1k/p1pp1B2/1pP1p1Q1/1Nn1P3/2P5/4P1p1/PB3P1P/3R1RK1 b - - 0 21,2017,mate,True,False,True,
27,rn3Q2/1ppk3p/p5pN/3P4/3qP3/7P/PPP5/2K4R b - - 0 24,2557,defensiveMove,True,False,True,
28,r3k2r/ppp2p2/2np3p/8/2B1PQ2/5P1q/PPP2P1P/2KR3R b kq - 0 16,1933,castling,True,False,False,
29,r3r2k/ppp5/2np2pB/4b1N1/8/6nP/P1B3P1/3RK2R w K - 0 24,1251,vukovicMate,True,False,True,
30,5b2/5P2/6r1/3N4/6Pk/8/6K1/8 w - - 1 50,486,promotion,True,False,True,
31,1r5k/6pp/p3pr2/q2n4/2pP1P2/B3P3/1R3PQP/2R3K1 b - - 7 26,1139,advantage,True,False,True,
32,3r4/3r3P/2k3pP/1p1Rq3/pPp1p3/P7/B1PQ1P2/2K4R b - - 0 32,1382,triangleMate,True,False,True,
33,r3r1k1/1b3ppp/pb3n2/1pn5/3N4/P2Q1RN1/BPPp2PP/6K1 w - - 0 22,2739,kingsideAttack,True,False,False,
34,4rk2/2p3p1/Qb6/8/1P1p4/P1qP1BP1/6KP/3R4 b - - 2 33,3094,oneMove,True,False,False,
35,3qkb2/pp2pp2/8/3pn3/7r/2P2PQ1/PP2N2p/1K1R3R b - - 0 24,1562,arabianMate,True,False,False,
36,rnbRr2k/ppp3pp/8/2q5/8/2B1PN2/PPP2PPP/2K4R w - - 0 16,307,fork,True,True,False,middlegame mateIn2 mate fork hangingPiece short
37,6rk/pp1r1p2/4p1n1/3pP1R1/2pP1q1P/P1P2N2/KP1NQ3/7R w - - 3 34,663,capturingDefender,True,False,False,
38,r4bk1/pp4pp/2pp4/2q5/4N2Q/1P1P4/P7/5RK1 w - - 2 25,2700,defensiveMove,True,False,False,
39,8/8/7p/2kP1Pp1/6K1/6P1/7P/8 b - - 1 44,725,knightEndgame,True,False,True,
40,2b1Q1nk/2q2B2/7b/1p1R1p2/1P6/P3P3/5PPP/6K1 b - - 2 32,1003,mate,True,True,False,middlegame mateIn2 mate backRankMate short
41,r1bq4/ppppk3/4p2r/1PP3Nn/P2P4/2N5/5PPK/R2Q1R2 b - - 0 17,638,discoveredAttack,True,False,False,
42,Q5k1/4r2p/4pR2/1b1pP2N/3P1P2/1p4p1/1Pq5/6K1 w - - 2 32,1569,master,False,,,
43,5rk1/1p1qrPpp/p4b2/2p5/2B2P2/3P1Q2/1PP3P1/R4RK1 w - - 0 21,384,enPassant,False,,,
44,1R1R4/5ppk/3pr2p/4r2q/4P3/3QB2P/PP3PP1/6K1 b - - 2 24,1762,veryLong,True,False,True,
45,8/6r1/Pk2p3/1Ppb1pq1/3p3p/8/4Q1PP/2R1R1K1 b - - 1 37,2172,enPassant,True,False,False,
46,8/8/pp2k2p/4Pp2/P2K1p2/6P1/1P5P/8 w - - 0 39,1932,zugzwang,True,False,False,
47,4r1k1/3R1kpp/p4n2/1pN5/1b3N2/7P/1P3PPB/6K1 b - - 0 29,1069,backRankMate,True,,,
48,3r2k1/p1N1Q2p/1p4p1/4p3/3pP3/7P/PPPK2P1/7q w - - 2 25,2668,hookMate,True,False,False,
49,R7/3k1p1p/3q4/8/1p3PPP/4Q3/3r3K/8 w - - 0 52,2411,killBoxMate,True,False,True,
50,4r1k1/6p1/7p/2P5/P2b1q2/1Q6/6PP/3R1R1K b - - 1 31,1238,backRankMate,True,False,True,
51,8/1P6/2n1K3/8/1kB5/p6p/7P/8 b - - 4 49,2930,endgame,True,False,False,
52,3r2k1/1p3qpp/4p3/p4r2/P1PR1PQP/1P6/7P/3R2K1 b - - 0 27,3223,mateIn5,True,False,False,
53,1Qb2r1k/p5pp/5n2/p1N5/3q4/6P1/4P1BP/2R1K2R b K - 0 27,2075,discoveredAttack,True,False,True,
54,r2qr1nk/p3p1bp/1ppp2pN/5b2/2PP1P2/4B1P1/PP1N1KBP/R4R2 w - - 0 17,571,smotheredMate,True,True,False,middlegame mateIn1 mate smotheredMate oneMove
55,3r1k1r/1p1R2R1/p1p5/3p2pp/8/P6P/1PP2PP1/2K5 w - - 2 31,814,rookEndgame,True,False,False,
56,3b3k/p5pB/8/1p2q1Pn/5N1P/1P6/P1Q2P2/1K5b w - - 0 33,1070,fork,True,True,False,middlegame crushing fork discoveredAttack short
57,2k1r3/pp6/8/5pp1/2p5/2P2PNp/PP1R3P/3KR3 b - - 0 31,314,blindSwineMate,True,False,True,
58,r2qr1k1/ppp3p1/2npb2p/6b1/2BP4/5N2/PP1N1PPP/R2QR1K1 w - - 3 15,2260,opening,True,False,False,
59,r1br2k1/pp3p2/7p/6p1/1Q6/5P2/qPP3PP/2KR3R w - - 0 18,2328,intermezzo,True,False,False,
60,r2qrk2/p5p1/2p1b1Q1/1p1pN3/3P4/2P2PP1/PPR3P1/7K w - - 1 29,1395,cornerMate,True,False,False,
61,8/2k2p2/1R6/2p2r1p/P6P/5nPK/8/8 w - - 1 43,1044,arabianMate,True,False,False,
62,8/N7/8/1P1n1p2/1k1P4/3K1p2/7P/8 b - - 0 53,2345,knightEndgame,True,False,True,
63,7k/6p1/6P1/1K3B1p/1P6/P7/5n2/8 w - - 0 57,728,quietMove,True,False,False,
64,8/3p3R/2pk4/p7/7K/8/8/8 b - - 1 44,1733,quietMove,True,False,True,
65,r1b1k2r/ppppbppp/4q3/8/4P3/8/PP3PPP/RNBQ1K1R b kq - 0 11,997,castling,True,False,False,
66,5rk1/5pp1/8/6p1/6n1/2P1P3/PP3R1P/R1BQ3K b - - 0 25,346,cornerMate,True,False,False,
67,8/6B1/6kP/2NpP3/2p1bPK1/P1P5/7r/8 b - - 2 64,2947,veryLong,True,True,False,endgame advantage long
68,8/pp3r1p/4p3/5p1k/3P1Q1b/6P1/q1r2P1K/8 w - - 3 36,3035,mateIn1,True,False,True,
69,r5k1/p5pp/1p3p2/5Pn1/2NP4/P1P3qP/1PQ1R1P1/6K1 b - - 2 29,1852,pin,True,False,True,
70,r1k1r3/pp3Qpp/8/1q2P3/2Np4/2p5/P5PP/n4RK1 w - - 6 27,989,queensideAttack,True,False,False,
71,2r3k1/p4ppp/8/3R2Q1/1P3P2/7P/r2RKP2/1q6 w - - 2 32,1757,backRankMate,True,False,False,
72,8/K7/2q5/2P4p/7B/2Q5/1P2p3/3k4 b - - 9 54,3246,short,True,False,False,
73,B2qkb1r/5p2/p1p2n1p/4Q1p1/8/8/PPP2PPP/RNB3K1 b k - 0 15,390,mateIn4,True,False,False,
74,8/4K3/2p2pQ1/2P1k3/5r2/PP6/1r6/8 w - - 0 47,1841,queenRookEndgame,True,False,False,
75,r1b1k2r/1p1p3p/p2Bppp1/3Q4/8/1B3N2/P4PPP/2q3K1 w kq - 2 20,2471,fork,True,False,False,
76,3r4/3Ppp2/2p1n1pp/p1k1P3/1pN1P3/1P2K3/P5PP/3R4 w - - 7 30,2098,mateIn3,True,False,False,
77,2rq3n/6k1/p1rp2p1/1p2p3/4PnQ1/P1B5/BPP2P1R/2K5 w - - 1 33,2823,middlegame,True,True,False,middlegame advantage pin short
78,5k2/5pb1/p7/3R4/1PPq3r/P2p2QP/5R2/6K1 b - - 8 35,1765,advancedPawn,True,False,True,
79,8/p5R1/1p1qkp2/2ppnp2/3P1p2/2P5/PP4PP/4R1K1 w - - 2 37,1142,blindSwineMate,True,False,False,
80,8/p2P4/1p4k1/1Pp5/4Pp2/P2K1P1p/8/8 b - - 0 42,1032,pawnEndgame,True,False,False,
81,5rk1/1Q3p1p/1b2bp2/qB6/P7/6P1/1P3P1P/R3R1K1 b - - 0 24,1078,short,True,False,True,
82,3r2k1/1q1P2pp/p1n1pb2/2B5/p1p1Q3/2P5/PP4PP/3R1RK1 b - - 2 24,1350,veryLong,True,False,False,
83,1k6/1pp4P/p7/2Pp2N1/3P1P1R/K3p3/5r2/1q5R w - - 2 32,3006,promotion,True,False,True,
84,5n2/1p2R1Q1/2p5/p1kp1q2/6p1/8/1P2K1P1/8 w - - 3 39,1361,triangleMate,True,False,True,
85,3r3k/5p1r/1p3Pp1/1P6/R2qP1NP/3pQK2/6P1/8 w - - 1 39,505,master,True,False,False,
86,3r3r/p2n1k1p/1pp2np1/3q1pB1/8/Q7/PP3PPP/4RRK1 w - - 2 21,1471,master,True,False,False,
87,2b3k1/7p/4N3/3p4/1PpP2P1/4P1KP/1P6/8 b - - 0 34,2499,hangingPiece,True,False,False,
88,8/1k4pp/1p1B4/8/2BP4/2K2p2/5q2/R3R3 b - - 1 38,1477,vukovicMate,True,False,True,
89,2kr4/pp1n2p1/1qpBppn1/7r/2P3P1/P1QP3P/1PP2P2/2KR4 w - - 0 25,985,queensideAttack,True,False,False,
90,8/8/1pp3p1/p2kNp1p/P1n2K1P/2P2P2/6P1/8 w - - 2 33,1990,knightEndgame,True,False,False,
91,4q3/7k/5QP1/4rPK1/8/8/8/8 w - - 1 70,2670,queenRookEndgame,False,,,
92,8/8/1p6/pPbN2k1/P1p3P1/7P/8/7K b - - 6 49,2200,master,True,False,True,
93,5k1r/pr3ppp/8/8/q2N4/2P3bP/P7/R1B2R1K w - - 0 24,1116,interference,True,False,True,
94,3r2k1/5p1p/1pp3p1/p3PP2/3P3q/1P6/1B5P/3RKR2 w - - 3 28,2690,fork,True,False,False,
95,1k1r2k1/1pp4p/1Pb5/4B1b1/8/4NP2/P4QPP/K6R b - - 4 30,2415,doubleBishopMate,True,,,
96,8/8/pp1kn1P1/5P2/8/6K1/8/8 w - - 1 55,2534,mateIn4,True,False,False,
97,r2qkb1r/pppnnppb/7p/8/2BP1p2/1QP1P3/PP3PPP/RN2K2R w KQkq - 0 9,1315,attackingF2F7,True,True,False,opening mateIn1 mate attackingF2F7 oneMove
98,k3r3/1R5p/p1N1q3/R1Q5/3p1PP1/2n2BP1/2P2K1P/4r3 b - - 4 30,2534,hookMate,True,True,False,middlegame mateIn3 mate sacrifice long
99,6k1/1p2n1p1/4p2p/4P3/p2r2qp/P5PP/1P1Q1RK1/3R4 b - - 1 34,1455,underPromotion,True,False,False,
100,8/8/8/8/PP6/7k/6p1/6K1 b - - 0 44,1456,knightEndgame,True,False,False,
101,2r3k1/3R2pp/8/2p4Q/2P5/4P1P1/5qPK/8 b - - 12 37,1183,dovetailMate,True,False,False,
102,8/p2r3k/R2P2n1/2P2Kp1/4r1p1/7p/R6P/8 w - - 0 45,2054,oneMove,True,False,False,
103,8/8/4k3/4Pp1p/1p1p1P2/1P1K2P1/8/8 w - - 0 41,2881,superGM,True,False,False,
104,8/5p1p/4pPp1/3pP3/kr3P2/8/2R1K2P/8 w - - 0 53,963,endgame,True,False,False,
105,8/6pk/7p/6P1/8/8/P5P1/R5K1 b - - 0 50,704,pawnEndgame,True,False,True,
106,6Q1/1b4p1/p2k3p/1pq3pP/4p3/P7/1PB3P1/2n1K3 w - - 0 38,1299,skewer,True,False,False,
107,8/1p1kp1R1/2ppbp2/3P4/1rP5/5r2/2K4P/7R w - - 0 32,2634,oneMove,True,False,False,
108,6k1/4qpp1/5b2/3Q2p1/8/Pn6/1r3P1P/K2R2R1 w - - 0 29,1672,mateIn3,True,False,False,
109,4r1k1/pp2q1p1/3P3p/6N1/2P2Qn1/3P4/PP4PP/3R2K1 b - - 0 24,383,sacrifice,True,False,False,
110,5rk1/p3npb1/1p6/5q1p/2B1QP2/8/PP1r3R/1K5R w - - 0 32,1986,blindSwineMate,True,False,False,
111,6k1/2P1Bppp/p7/N7/5r2/2r5/P3K1PP/R4R2 b - - 0 36,1278,masterVsMaster,True,False,False,
112,1R6/4P2P/5K2/5P2/6q1/8/5k2/6q1 w - - 1 79,1829,queenRookEndgame,True,False,False,
113,2R5/8/8/8/8/6p1/3k2P1/4rRK1 b - - 5 53,622,attraction,True,False,True,
114,5rk1/7p/b3p1p1/5p2/3pq3/2p3P1/P3BPNP/2Q1RK2 b - - 5 31,3292,superGM,True,False,False,
115,r1b1r1k1/pp3pbp/2n3pB/3p4/3P4/2P2N2/PP3PPP/2K1R3 w - - 0 20,810,attraction,True,False,False,
116,4R3/R5bp/5pp1/5b2/3k1B1P/8/2r5/8 w - - 6 41,2781,crushing,False,,,
117,5r1k/p1p5/1pn1qp2/2p1p3/8/1P1P1N2/P1PQKPR1/8 w - - 0 29,2037,mateIn1,True,False,False,
118,1rk5/p5p1/2p2q1p/2K5/2B3P1/2N5/PP3P2/4R3 w - - 4 34,644,exposedKing,True,False,True,
119,6k1/3r1p1p/3P2pb/2pPp3/2Q3P1/4BP1P/PrR2K2/7R b - - 0 29,2228,hangingPiece,True,False,False,
120,6k1/6pp/p7/2Pp4/QP1p3q/5P2/PP1Nr3/R4RK1 b - - 0 28,2234,exposedKing,True,False,False,
121,6k1/5r2/1p4P1/pPp1B2p/8/2P4P/b7/7K w - - 1 38,1214,advancedPawn,True,False,False,
122,r2r4/p3k1p1/bp2p2p/n1p1N3/2P5/2PP2B1/P4P1P/2KR1n2 w - - 0 22,1573,equality,True,False,False,
123,2rr4/pp4p1/5n1k/4N1R1/P7/1Pp5/2P5/2K3R1 w - - 0 33,1034,blindSwineMate,True,False,False,
124,1n2n2k/p6p/1pr1B1p1/6B1/4p3/5R2/PP3PPP/6K1 w - - 0 29,619,cornerMate,True,False,False,
125,rr1k4/2p4p/2n2p2/2Bp4/3P2qP/Q1P5/P1PK1n2/4RR2 w - - 11 30,2678,middlegame,True,False,False,
126,6k1/3p4/1p1Pp1p1/1P2P1b1/4K2p/PR2BR1P/4r1P1/3B4 b - - 11 36,872,superGM,True,False,False,
127,5k2/7p/Q2p2p1/1p1qp3/6P1/1P3K2/1P5P/8 w - - 0 44,1862,queenEndgame,True,False,False,
128,6k1/8/1R4P1/4pk2/8/p4K1p/r6P/8 w - - 1 50,692,underPromotion,True,,,
129,5r1k/pp1R2R1/2p1P3/8/3B2p1/1KP5/PP5p/3q4 w - - 2 38,2089,defensiveMove,True,True,True,endgame crushing defensiveMove sacrifice exposedKing intermezzo long
130,8/6pk/1pQ2q1p/3p1p2/1P1P4/4PPPP/7K/8 b - - 1 31,2958,queenEndgame,True,False,False,
131,r1b4r/pp3R1p/2pQ3n/6p1/2k1P3/2N5/Pq6/n6K w - - 4 23,2948,killBoxMate,True,False,False,
132,5rk1/1pp3p1/1p1p4/6n1/3P1Nqp/P1P1RqP1/1P1Q1P1K/R7 b - - 4 27,2060,mateIn5,True,False,False,
133,3R1R2/p1k1r1p1/2p3pr/2Qp1p2/8/5PK1/Pq4P1/8 w - - 1 32,815,triangleMate,True,False,False,
134,8/r2Pb1pk/p6p/1p4n1/3R4/5pBb/PP3P1P/5BK1 b - - 0 35,1520,backRankMate,True,False,False,
135,r1bq1rk1/pp3pp1/2pp4/4p1NP/2B1P1n1/2NPP1n1/PPP3P1/R1Q1R1K1 b - - 1 14,1490,opening,True,False,False,
136,r3r1k1/5p1p/pq1p2p1/2pn1b2/2Pb4/P2P4/P2BQPPP/1R2R1K1 w - - 0 19,1014,kingsideAttack,True,False,False,
137,r7/pppn1k1p/6p1/2b1P3/4R2q/8/PPP2PPP/R1BQ2K1 b - - 0 19,1513,fork,True,False,False,
138,6qk/p6R/6Q1/1p6/3b4/3P1N2/PPP1p2P/7K b - - 3 32,318,xRayAttack,True,False,False,
139,2kr1b2/p1p2pp1/4b3/5n1Q/2pP2P1/NPP5/P3nB1P/R4R1K b - - 0 19,1065,doubleBishopMate,True,True,False,middlegame mateIn1 mate oneMove
140,7k/ppp3p1/2bp3p/5q1B/8/4Q2P/P1P2PPK/6K1 w - - 0 28,1449,quietMove,True,,,
141,5rk1/1p5p/8/p4Np1/PbP1p3/1P5P/5nP1/1R3RK1 b - - 1 25,2019,hookMate,True,False,False,
142,8/3b2P1/8/P1p1B3/1kp5/1p4N1/1P6/2K2r2 w - - 9 45,2945,vukovicMate,True,False,False,
143,7k/2p2p2/p4r1P/1p2qb1R/3N1p2/2P1pQ2/PP2K1n1/8 w - - 2 33,3222,veryLong,True,False,False,
144,2r3k1/5bq1/3pQB2/6p1/pp2P3/5P2/2rR2P1/4R1K1 w - - 1 34,1928,discoveredAttack,True,False,True,
145,7k/pp1r1b1p/2p2p2/2q1pP2/4P3/1P1B3Q/P1P4P/6RK w - - 7 36,867,capturingDefender,True,False,False,
146,2r3k1/5ppp/2N2q2/3P4/1pQ3P1/pP5P/Pb3P2/1K2R3 b - - 3 28,1551,advantage,True,False,True,
147,2b3rk/r4p2/1pp5/p2nPP2/P1Bp4/1P1P1R2/2P4P/6RK w - - 0 31,2210,exposedKing,True,True,False,middlegame mateIn1 mate oneMove
148,r1b3k1/3q2pp/2pPp3/1p4B1/p2P1RP1/2P3nP/PP5K/3B1R2 w - - 0 32,331,underPromotion,True,True,False,middlegame mateIn1 mate oneMove
149,8/3k2p1/5p2/1Q2n2p/1N2b1q1/2P1B1P1/1P3P1P/5RK1 b - - 0 33,739,masterVsMaster,True,False,True,
150,8/pp1r2kp/n5p1/4q3/3Np2P/1P2P1N1/P4RP1/5R1K w - - 1 30,1283,pin,True,False,False,
151,r1r5/1p4p1/3kPp1p/3p3P/5NP1/PP6/1KPR4/2R5 b - - 0 35,818,interference,True,False,True,
152,8/1k1r2pp/pN6/5Q2/PP6/2P4P/6P1/R2rb2K b - - 0 28,2218,doubleCheck,True,True,False,endgame advantage discoveredAttack long
153,5rk1/ppp1n1p1/3p1rQp/3P4/6R1/8/P1P2P1P/2q1BKR1 w - - 6 24,2150,killBoxMate,True,True,False,middlegame mateIn1 mate kingsideAttack oneMove
154,8/8/8/3p2Kp/r2P1P2/k6R/8/8 w - - 0 46,3250,rookEndgame,False,,,
155,5r1k/3Q2pp/5b2/8/8/P7/2q3BP/3R3K w - - 1 37,1749,mateIn4,True,False,False,
156,r2qr1k1/pp3p1p/2n2P1p/3p4/2pP4/P4b2/P2Q1PPP/1R3RK1 w - - 0 16,1625,mateIn2,True,True,False,middlegame advantage short
157,r1bqk2r/ppp2ppp/8/2b5/4PBn1/2N2N2/PP3PPP/R2QKB1R b KQkq - 0 10,1217,attackingF2F7,True,False,False,
158,2b5/2Pk4/1K2p3/4Pp1p/6p1/6P1/2Bp3P/8 w - - 8 50,2876,interference,True,False,True,
159,8/5pp1/4p3/1p2P1BK/5P1P/1k6/1P6/2b5 w - - 1 49,2048,bishopEndgame,True,False,False,
160,r5k1/5pbp/6p1/2q1N3/1n3B2/1Q5P/1Pp2PP1/4R1K1 b - - 1 25,1380,fork,True,False,False,
161,8/p5p1/1p1k4/2pP1p2/P1K5/1P3P2/7P/8 b - - 2 37,3250,attackingF2F7,True,False,False,
162,3b1kn1/p3r1p1/q4nQp/2RN4/1P1P2P1/P3P2P/5P2/6K1 w - - 1 31,2713,killBoxMate,True,False,True,
163,1k2B3/ppp3p1/8/2b5/3P1B1q/5Qp1/PPP3P1/RN3K2 b - - 0 19,1637,mateIn5,True,False,False,
164,6k1/p4pp1/1p3q1p/2pR3P/5rP1/2b2P2/P7/4QK2 w - - 0 30,996,triangleMate,True,False,False,
165,2b5/5k1p/pR3n2/1p6/3B1Qp1/1Pq3PB/P3PP1P/6K1 b - - 1 29,1709,dovetailMate,True,False,False,
166,5Q2/1brk1p2/ppqppPr1/8/3pN3/3P4/PPP1RRP1/6K1 w - - 8 29,3040,mate,True,False,False,
167,2bk3r/r2p3p/pp2q3/2pBPp2/2P4R/1PP1PQ2/P5P1/2KR4 b - g3 0 20,493,enPassant,True,,,
168,5nk1/1Q5p/R2N2p1/3Pp2n/4K3/3P1PPq/5B2/8 b - - 0 39,2517,equality,True,False,True,
169,r5k1/1pp2r1p/p2p2p1/8/4Pp2/2Pq1P2/PP3QP1/1K1R1NNR b - - 1 22,592,enPassant,False,,,
170,2r4k/1ppR2b1/p7/7p/8/1P3Q1P/q5PK/2B5 w - - 0 35,2509,mate,True,False,False,
171,Q2R4/2p3pk/p4p1p/7P/b1P5/2q5/1r6/2K2R2 w - - 0 35,1205,skewer,False,False,False,
172,r2q1rk1/3n1pp1/2p1pn2/3p2p1/1p1P1N1R/1P2PQ2/1BPK1P2/7R w - - 0 21,2886,quietMove,True,True,False,middlegame mateIn1 mate oneMove
173,3k3r/4b3/4p3/2p1Np1p/5rp1/2P3qP/qP4P1/1RQ1RK2 w - - 2 34,1975,long,True,False,False,
174,8/8/p5kp/1p3q2/3P1Bp1/1PP5/2Q2P2/6K1 b - - 0 43,3208,mateIn3,True,False,False,
175,r2qr1k1/1b1pb1pp/p7/1p5p/3N1P2/1P6/PBP3Q1/1K1R2R1 w - - 1 24,1811,doubleCheck,True,False,False,
176,1k1r1b1r/ppp2p2/2Pq3p/3PpQp1/P3P3/4nP1P/B4P2/1R4K1 w - - 0 28,2973,queensideAttack,True,False,True,
177,n3b2k/6p1/1bp1Np1p/p2p4/Pp1PqP2/4r1PB/1P1R3P/2R4K w - - 0 28,567,mateIn3,True,False,True,
178,r3k2r/1pq2ppp/p3p3/P2nP3/2p1Q3/B2p2P1/5P1P/R2K1B1R w kq - 1 19,2963,bodenMate,True,False,False,
179,4rk1r/2p2p1p/1bNp3q/pPpP4/P1P1PQn1/6P1/5P1B/R4R1K b - - 0 28,1680,mate,True,False,False,
180,7k/1p4pP/2p5/3p1qN1/1P6/8/r4PPR/4RK2 w - - 0 32,415,killBoxMate,True,True,False,endgame mateIn2 mate short
181,r1bq1rk1/1pp2pb1/p7/4p1pp/3P4/2nQ2BP/PPB2PP1/4RRK1 w - - 0 17,424,middlegame,True,True,False,middlegame mateIn1 mate oneMove
182,8/1p3kpQ/p4P2/3pP3/3p4/2q5/2r3PP/4R2K w - - 3 39,3226,interference,True,False,True,
183,r4k1r/ppp2qpp/1bp1b3/3n2B1/3P4/B1P4P/P4PP1/1N2R1K1 w - - 3 16,2837,mateIn2,False,,,
184,2k5/5k1p/2P3p1/3NppP1/8/3KP2P/1b6/8 w - - 1 41,2880,capturingDefender,True,,,
185,6k1/1p3ppp/p3r3/3p2q1/3N2b1/2PPrQ2/PP1K4/4R1R1 w - - 11 30,935,veryLong,True,True,False,middlegame advantage short
186,3rr1k1/7p/Q5p1/n1p1Pp2/5q2/B1PB4/P1P4P/4R1K1 w - - 1 27,2714,discoveredAttack,True,False,False,
187,8/6pk/4p3/2pp1pPP/1p1p1P1K/1P1P4/2P5/8 w - - 1 50,770,pawnEndgame,True,False,False,
188,8/8/2k3p1/p1P2p2/Kp1P3P/1P1nPP2/P4P2/8 b - - 3 39,2801,knightEndgame,True,False,True,
189,8/1p3R2/2pkp1P1/5P2/4K3/8/p2r4/8 w - - 1 56,1678,rookEndgame,True,False,False,
190,r4rk1/1bpp1pp1/p1q2n1p/1p2B3/3Q4/P1N5/BPP2PPP/R4RK1 b - - 0 14,642,middlegame,True,True,False,middlegame mateIn1 mate kingsideAttack oneMove
191,r3k1nr/pp3ppp/2pb2q1/P3p3/4b3/2PBB2P/1PQ2PP1/2KR2NR w kq - 5 12,1528,opening,True,False,False,
192,6rk/5Q1p/p7/2pRp1b1/1pP5/3Bq1PP/PP6/5K2 b - - 9 39,2288,balestraMate,True,False,False,
193,4r2k/p2Q2pp/b1p4q/8/8/P3PBb1/1P3PP1/R1BR2K1 b - - 3 22,1313,interference,True,True,False,middlegame mateIn1 mate oneMove
194,r2q1rk1/pb2n1pp/1p6/3N1pN1/2P4Q/3R4/P1n1B1PP/6K1 w - - 0 22,2985,mateIn3,True,False,False,
195,6k1/1p2b1pp/p3P3/5p2/2nBP3/1q3P2/1Pb3QP/K2R3R b - - 0 31,1893,smotheredMate,True,False,False,
196,6k1/3q3p/1pp3p1/3b2n1/NP6/P5P1/3Q3P/3B2K1 b - - 1 33,3072,sacrifice,True,False,True,
197,r4rk1/2p3pp/p7/2Pp4/4P2q/4Q2P/PP2bPP1/RNB1R1K1 b - - 0 17,1580,long,True,False,True,
198,r1b4k/p1p3pp/1bpp4/4P2n/4PR2/2N4P/PPP3PK/R1B1q3 w - - 2 16,364,castling,True,True,False,middlegame mateIn1 mate backRankMate oneMove
199,8/p3kp2/3p1q2/n1p1p2R/2P1P1Q1/4R2K/2r5/8 b - - 2 38,647,triangleMate,True,False,False,
200,8/4kp1p/4p3/4P1PR/r4P2/4K1P1/8/r7 w - - 3 50,1503,rookEndgame,True,False,False,
201,2Qnk3/qp1b1p1p/4p3/1B3p2/8/P1P2P2/4K1PP/8 w - - 1 37,1180,trappedPiece,True,False,False,
202,6rk/1bn5/p1pr3q/1p1pN3/1P1P1P1b/P3Pn1p/2Q2P1P/3R2RK w - - 0 32,918,arabianMate,True,True,False,middlegame mateIn1 mate oneMove
203,6k1/6p1/p2P1pN1/5B2/1r6/q7/5PPP/2R3K1 w - - 0 33,1047,underPromotion,True,False,False,
204,8/8/1p1k2p1/p1pP1p1p/1pP2P2/1P2K1PP/P7/8 w - - 0 47,944,zugzwang,True,False,True,
205,5rk1/ppq2pp1/7p/8/8/P5P1/2P1r1nP/RQ3R1K w - - 0 27,1870,underPromotion,True,False,True,
206,r1b3k1/1pq2ppp/p7/2p5/8/5N2/PPP1RPPP/3Q2K1 w - - 0 19,396,intermezzo,True,True,False,endgame mateIn1 mate backRankMate oneMove
207,4r1k1/pp2r2p/2P3p1/3p4/3N1qP1/1QN4P/PP2p1P1/2R1R1K1 b - - 1 25,2742,attraction,True,False,False,
208,3r2k1/p2r1ppp/1p2b3/2b5/4PB2/P1R2P2/BP4PP/3R1Q1K b - - 0 27,726,backRankMate,True,True,False,middlegame advantage pin long
209,8/8/2q5/p2K4/5P2/8/6k1/8 w - - 0 46,3018,hangingPiece,True,False,False,
210,6k1/5qp1/4Q1B1/3pP3/3P4/6PK/p1r3nP/8 w - - 4 36,2820,mateIn5,True,False,False,
211,5nk1/p4p1p/2p2Pp1/2Pq2P1/3p1P2/P3pR1P/1P4QK/2R5 b - - 1 26,1039,trappedPiece,True,False,True,
212,r5k1/1pR3pp/3p1r2/3P1bN1/p3pP2/1P5P/1qPQ2P1/5RK1 w - - 1 25,2982,oneMove,True,False,False,
213,8/2rqk3/pp2p1p1/1Q1pP1Pp/3P3P/P4r2/2P1K3/5R2 w - - 0 28,1344,hookMate,True,False,False,
214,r2qk1nr/2p2b2/1pp2p1p/4p3/2N1P3/2PR4/PP2QPPP/RN4K1 b kq - 2 18,1060,short,True,False,False,
215,r3r1k1/pb2qpp1/1p3n1p/5B2/P2B4/2P5/1PQ2PPP/R3R1K1 b - - 8 20,712,kingsideAttack,True,True,False,middlegame mateIn2 mate kingsideAttack short
216,6k1/pr6/4r1p1/1pp4p/2Qb1B1P/1P3RK1/P3q3/7R w - - 0 29,1791,capturingDefender,True,False,False,
217,8/8/8/5pRp/4pP1P/2kr2P1/4K3/8 w - - 1 51,2893,rookEndgame,True,False,False,
218,8/8/p1P5/2kp4/Pp6/3P4/3K4/8 w - - 0 42,679,bishopEndgame,True,False,False,
219,r1b1k2r/pp1n1ppp/1qp5/3p4/1b1Pn2B/2NQ1N2/PPP2PPP/2KR1B1R w kq - 4 10,488,opening,True,False,False,
220,6k1/1q1b1r2/4Pp2/1p4pQ/2pR2K1/P7/1PB2PPP/7r w - - 2 35,3007,exposedKing,True,False,False,
221,r1bk2r1/2p1p3/pp1pP3/3P2B1/2P1B2q/2P1Q3/P4RK1/8 b - - 2 30,1529,long,True,False,False,
222,4r1rk/pp4qp/b2p4/3P1p2/2P1p2Q/1P1n4/P2NBPPP/R3R1K1 b - - 1 27,2741,short,True,False,False,
223,8/6p1/1P5p/8/8/4BRPk/1q3P2/6K1 b - - 0 39,790,veryLong,True,False,False,
224,5k2/6p1/3N3p/5P2/2p5/K2R4/8/8 b - - 0 42,2858,fork,True,False,False,
225,5rk1/p6n/4bppQ/q3P2p/3BP3/5R1P/6PK/8 w - - 0 38,1616,pin,True,False,False,
226,2k3r1/p7/8/4B3/3P4/2P5/PP3K2/8 b - - 0 46,2993,balestraMate,True,False,False,
227,2n2r1k/4b1pp/2q1P3/1pP5/p2p1Q2/8/6PP/4RRK1 w - - 0 34,345,veryLong,True,True,False,middlegame mateIn2 mate backRankMate short
228,r4rk1/1b2bpp1/4p2p/1p1qN3/pP1B1PQ1/2P5/P1B4P/R5K1 b - - 3 26,766,bodenMate,True,False,True,
229,r3k2r/pb2Q1pp/8/2p2P2/3p4/2P3Pq/PP1B3P/R3R1K1 b kq - 0 23,1624,mateIn1,False,False,False,
230,4r3/8/5B2/2P1P3/pK4pp/8/1P4k1/8 w - - 2 40,3177,advantage,True,False,False,
231,8/p2N1pk1/4r1bp/8/3n2P1/1P4PP/P2R2B1/3K4 b - - 4 34,450,skewer,True,False,False,
232,4rrk1/pp4pb/1qp4p/n7/3b2N1/1P5P/P2B1PP1/R2QR1K1 w - - 0 21,1913,middlegame,True,False,True,
233,6k1/5ppp/B1p2br1/2Bb4/p2P3P/P3QP2/1q3K1R/8 w - - 0 29,454,mateIn5,True,False,False,
234,5r1k/1p4pp/pP6/q7/8/PQ6/5PPP/4R1K1 b - - 0 35,659,oneMove,True,True,False,endgame mateIn1 mate hangingPiece oneMove
235,r2q1r1k/pp4bp/3pBnp1/2pPp3/2P1N3/5PR1/PP1Q1KPP/2R5 b - - 2 22,3098,skewer,True,False,False,
236,r1b4k/ppp4p/3b2p1/3p4/3P3q/1B6/PPP3PP/RN3RK1 w - - 0 19,622,intermezzo,True,False,True,
237,2r3k1/5p2/1p4p1/p7/q3Q3/3P4/1B5P/6RK b - - 0 35,1570,quietMove,True,False,False,
238,3bq1rk/1p3p2/3p1P1p/3NP1p1/1P5R/6QR/r1p3PP/7K w - - 0 31,3143,mateIn4,True,True,False,middlegame mateIn1 mate kingsideAttack oneMove
239,r1b3k1/pp4pp/1bp5/3P4/1P1q4/3N3P/2P1BRP1/R2Q2K1 b - - 3 19,783,doubleCheck,True,False,True,
240,4rrk1/ppp2p1p/8/2pp2q1/1b3N2/1P3b2/PBQ2P1K/R6R w - - 2 22,1335,mateIn1,True,False,False,
241,r4k2/p1p2r2/2PpQPK1/4p1p1/P3bq2/8/8/R6R w - - 3 50,767,exposedKing,True,False,False,
242,rn1k3r/ppp2Ppp/8/3N1n2/2pqQ3/8/PPPb2PP/R1BK3R w - - 0 13,1035,clearance,True,False,False,
243,r4rk1/1p2b1pp/pq1p2q1/3PpN2/P1Q1n3/B1P1P1p1/1P3P1P/R3R1K1 w - - 0 23,1939,hangingPiece,True,False,False,
244,7r/p1Q1pk1p/4b1p1/8/4p3/1PP5/r1q4P/K1R4R w - - 0 27,2017,long,False,False,False,
245,6rk/ppp2q1p/3p1N1Q/4ppB1/2Pnn3/7P/PP6/1K4R1 w - - 4 33,2471,master,True,False,True,
246,8/1p3p2/2p2k2/P2p3p/1P1P1b1P/4P2K/8/8 w - - 0 51,2858,intermezzo,True,False,True,
247,r1b2q2/ppkn4/2p4p/6R1/3q2n1/1P6/P1P2PPP/R3Q1K1 w - - 2 22,3178,interference,True,False,False,
248,k7/p6k/1p6/6P1/4p1R1/P1p1R1K1/4qPP1/8 w - - 5 42,2029,queenRookEndgame,True,,,
249,r7/pp1q1p2/2b5/2ppQPP1/4p1k1/2P5/PPP5/3RR1K1 b - - 1 24,1614,exposedKing,True,False,False,
250,5rR1/ppk5/2p4p/2P1nB2/4P2q/2N5/PPP5/2KQ4 b - - 0 32,1840,advantage,True,False,True,
251,3rrbk1/5p2/p1bBp2p/3nP1p1/4N1PR/8/P1B2P1P/4R1K1 w - - 0 30,1272,doubleBishopMate,True,False,False,
252,7r/pppk1p2/8/2bQpN2/3nP3/2NP4/PPP2q2/R2KR3 b - - 1 23,1834,hookMate,True,False,False,
253,2r1r1k1/1p2qp1p/pn1R2p1/4n1P1/4P2P/4QP2/PPP5/2KR1BN1 b - - 5 19,2719,triangleMate,True,False,False,
254,rnbq2rk/pppp1p1p/5n2/8/2B5/5N1Q/PB4PP/R3b2K w - - 0 16,2140,middlegame,True,False,False,
255,8/p3b3/8/3kBp2/2p1bP2/2P1P3/PP1KB2q/2QB4 b - - 3 43,1077,mateIn2,True,False,True,
256,r2k1r2/p2p2p1/1p4q1/4P1p1/NQ6/6Pp/P6P/5R1K w - - 12 39,2289,mateIn2,True,False,False,
257,3r3k/4Npbp/p2r4/8/2Q5/8/1q3PPP/5RK1 w - - 4 35,419,anastasiaMate,True,False,False,
258,5r1k/Q4rp1/6np/p3pN2/P3q3/5R1P/6P1/2R4K w - - 0 35,1806,killBoxMate,True,False,True,
259,7k/5R1P/1p2p3/3pP2Q/7P/8/qNr3r1/6RK b - - 0 36,1368,underPromotion,True,False,False,
260,1k5r/pp6/2p1b3/1P2pP2/P1P1K2b/R7/3B3P/7R b - - 0 27,1610,interference,True,False,False,
261,1qk5/3R1ppp/p1K1N3/2p1PP2/2n5/r1P4P/P4RP1/8 w - - 7 31,2687,queensideAttack,True,True,False,endgame mateIn1 mate oneMove
262,r1b2r2/p1p1Nppk/8/8/3qP3/R3R3/P4PPP/R5K1 w - - 2 20,782,anastasiaMate,True,True,False,middlegame mateIn2 mate anastasiaMate sacrifice short
263,4N1k1/pp2P2p/2p5/2PpQ2q/1P4r1/P5pb/5P1P/4R1K1 w - - 0 35,2107,mateIn2,True,False,False,
264,6rk/p1q4p/8/1Ppp1B2/7r/3P1Q2/1PP2p2/4RK2 w - - 2 32,3297,masterVsMaster,True,False,True,
265,5rk1/1R5p/6n1/p2q4/8/7P/PQr2PP1/4R1K1 w - - 0 32,1155,capturingDefender,True,True,False,middlegame mateIn1 mate oneMove
266,r3r1k1/1pp2ppp/5q2/p2P4/2n2b2/P1N4P/2B1QPP1/R3R1K1 w - - 5 22,400,middlegame,True,False,False,
267,2k1b2r/1pp4r/p1P1p2q/8/P4Pp1/4Q1P1/3NR2P/2R3K1 b - - 0 32,842,pin,True,False,False,
268,3r2k1/pR3pp1/4p1bp/2N2r2/1P1q4/5B2/P2Q1PP1/4R1K1 b - - 0 25,1779,hangingPiece,True,False,False,
269,2r5/5pkp/pp1R1qp1/1p6/5PQ1/1B6/P5PP/4K3 b - - 7 30,1985,balestraMate,True,False,False,
270,4r1k1/p6p/3N4/2np4/8/4rR2/P5PP/2R3K1 b - - 1 28,1061,capturingDefender,True,False,False,
271,r3r2k/1pqn2p1/6PN/p2B4/6P1/2P1b3/PP3P2/RN3RK1 w - - 1 23,624,clearance,True,False,False,
272,4b3/2R4B/5k2/p2pp3/6PK/4P2N/5Pq1/8 b - - 3 38,2829,underPromotion,True,False,False,
273,8/ppp3p1/8/PPk3p1/2Pn4/4B3/3K1P2/8 w - - 1 29,3215,cornerMate,True,False,False,
274,r3k2r/1p3p2/p6p/2p1p1N1/8/3QP1P1/q4PP1/2KR4 w kq - 0 22,2814,triangleMate,True,False,False,
275,3R4/pp2p1br/4Q3/b1p5/k4B2/8/1q4PP/7K w - - 2 31,1494,deflection,True,False,False,
276,r2Rn2k/pp3p1p/6pQ/1P6/1qbN4/8/5PPP/4R1K1 b - - 0 22,560,trappedPiece,True,False,False,
277,8/ppk1P3/8/3R3p/3N2br/4R3/PPP5/1K6 b - - 0 27,1144,mateIn3,True,True,False,endgame mateIn2 mate backRankMate short
278,8/7p/1p2k2P/pP2p1p1/P2pPpP1/3P1P2/8/4K3 w - - 8 42,414,zugzwang,True,False,True,
279,8/5p2/5k1p/p4p1P/1p4B1/P3K3/5PP1/8 w - - 0 39,2530,mateIn2,True,False,True,
280,8/4kp2/4pRb1/3p4/p2P1K1P/PpP5/1P6/8 w - - 1 46,1774,sacrifice,True,False,False,
281,2kr4/1p5p/6p1/1Q5N/P4p2/R1P2P1P/2q3PK/2b5 b - - 1 32,1874,mate,True,False,False,
282,3R4/1b2rpk1/2pQ2pp/1p6/p5N1/P5P1/1bR2P1P/4q1K1 w - - 1 33,2401,defensiveMove,True,False,False,
283,8/8/1k2K3/2p5/1p2P3/pP6/P7/8 w - - 0 63,1957,zugzwang,True,False,False,
284,r5k1/1b3pbp/2p3p1/1p2p1Q1/3qPn2/P7/1BPP1PPP/RN3RK1 b - - 3 19,1387,smotheredMate,True,False,False,
285,r1b2rk1/bpp1q2p/2n1p1pP/p2pPpN1/Q2P4/n3B1P1/Pp2KPB1/3R3R w - - 0 19,3129,interference,True,,,
286,rn3Q2/p1r1p2p/1pk2pp1/7q/3P4/5NBP/P4PP1/6K1 w - - 0 27,1793,sacrifice,True,False,False,
287,8/5k2/2PRN2p/3pK3/1p1P1P2/7P/2q3r1/8 w - - 1 59,2639,vukovicMate,True,False,False,
288,8/5p2/p4Pk1/1p6/1P1p4/P7/4K3/8 w - - 1 55,1061,zugzwang,True,False,True,
289,6k1/p5pp/3rp1q1/1QRn4/3P2P1/P4P1P/4r3/5RK1 w - - 1 28,2576,clearance,True,False,False,
290,r5k1/pp5p/3p1rp1/2pP4/2P1R3/8/PP4PP/2R2B1K b - - 0 24,467,fork,True,False,True,
291,5rk1/1pQ3pp/pP1pp1n1/N3p3/4P1q1/P3BnP1/5PK1/R4R2 b - - 1 21,2474,defensiveMove,True,False,False,
292,r6k/pb4np/1p1p2P1/2pPq3/2P1P3/2N5/PP3Q2/6RK w - - 3 32,1042,sacrifice,True,False,True,
293,r4rk1/ppp2p1p/2n2qp1/3P4/4p1PP/4P3/PPPRQP2/2K3NR b - f3 0 15,1598,enPassant,True,,,
294,5r1k/pp6/2p5/3p4/3Pn1B1/2P4R/Pr3PK1/5R2 b - - 1 33,1288,blindSwineMate,True,False,False,
295,r1bq2k1/pp4pp/3bpr1B/4P3/2pNp3/8/PPPQ1P1P/R5RK b - - 1 17,1766,kingsideAttack,True,False,False,
296,r1b1r1k1/ppp2pbp/3p2p1/2pP2P1/7P/4R3/PPK2PB1/8 w - c6 0 22,683,enPassant,True,,,
297,2r1qr2/R4p1k/4p1pp/2Q1P3/8/6RP/5PP1/6K1 w - - 4 34,3060,killBoxMate,True,False,True,
298,8/2p3p1/K4p2/8/2p1k1P1/2P3P1/n2B1P2/8 b - - 5 39,3187,defensiveMove,True,False,False,
299,3q3k/bp4p1/p1b4p/2P5/8/1B6/PP3PP1/4R1K1 w - - 0 27,348,advantage,True,False,True,
300,r1k2r2/5p1p/2p5/p3p3/2B1P1b1/2NR1Pq1/1PP2RP1/6K1 w - - 1 22,1311,balestraMate,True,False,False,
301,4q1k1/pp3r2/8/2p1PN1Q/8/2P3P1/PP4K1/8 w - - 1 45,2142,master,True,False,False,
302,8/6k1/2b5/P4p2/3R4/1p2n2P/6PK/8 b - - 1 42,2739,advancedPawn,True,False,False,
303,2r2k1r/ppNn1p2/2pq1n2/6N1/2b1PQ1p/8/PPP3PP/R5K1 w - - 0 19,689,discoveredAttack,True,False,False,
304,6r1/p5N1/7P/6P1/1p6/2k3K1/8/8 w - - 0 53,2858,equality,True,False,True,
305,8/1b6/1Pk4p/R1P1r3/P2p2p1/3P2P1/3K3P/1R6 b - c3 0 43,974,enPassant,True,,,
306,8/2RQ2p1/5p1k/1P2p1p1/1K1p1q2/3P4/7p/8 w - - 6 58,2959,promotion,True,False,False,
307,3r1r1k/1p4q1/p6p/2np1B2/P5P1/5Q2/2P4P/3R1R1K b - - 0 26,1723,discoveredAttack,True,False,False,
308,1n2k1nr/3p1ppp/bq6/4p1b1/1B4P1/P2Q1P2/2P4P/R3KB1R w KQk - 4 24,1444,attackingF2F7,True,False,True,
309,3R1rk1/n4ppp/bp6/p3p3/1Q6/4PNP1/PP3P1P/2q2BK1 w - - 2 23,1321,attraction,True,True,False,middlegame mateIn1 mate kingsideAttack oneMove
310,2r3k1/5pp1/4p2p/p2N4/3P4/P2QK2P/2rR1Pq1/7R b - - 0 30,2199,deflection,True,False,False,
311,2Q5/1p4k1/p3p1p1/q7/P2P2p1/4P3/1r5r/2RRK3 w - - 0 39,3250,quietMove,True,False,False,
312,6r1/2p1Q2k/p2p3p/3q1P2/P7/7P/7K/R4R2 b - - 4 32,867,mateIn1,True,False,False,
313,5rk1/3R1ppp/6q1/8/2p5/2P5/r5PP/4RR1K w - - 0 31,779,queenRookEndgame,True,False,False,
314,k7/pb4p1/7p/1N2P3/P6P/6PB/5PK1/r3q3 w - - 2 37,695,smotheredMate,True,False,False,
315,r3k2r/1b1p1p1p/1q2p1p1/pp6/3nPBQ1/P2B4/1PP3PP/R4R1K w kq - 1 18,3024,capturingDefender,True,False,False,
316,8/p1pR4/3q4/5p1p/6p1/3K2Pk/PP3P1P/8 w - - 2 27,2970,queenRookEndgame,True,False,False,
317,6k1/2p3p1/1p3pQp/p3p3/2Pr4/1P4R1/2Bq1PPP/5K2 b - - 2 27,2623,crushing,True,False,False,
318,8/4Np2/8/2K1k1pp/2P2p2/5P1P/6P1/8 b - - 0 37,2984,capturingDefender,True,False,True,
319,6k1/8/2p5/4P1pp/3P4/2B1nP1P/P3R2K/3r4 b - - 0 34,823,vukovicMate,True,False,True,
320,8/8/2k1p3/pp1b4/2pP1K2/1P1N4/P1P5/8 b - - 1 45,2714,hookMate,True,False,False,
321,7r/2R1ppkp/6n1/BQ1P2p1/3qP3/3r4/P4PPP/4K2R b K - 7 21,1080,crushing,True,False,True,
322,8/5p1p/4p2P/1k1pPpP1/p4P2/2K5/8/8 w - - 1 49,3011,master,True,False,True,
323,4r1k1/8/p1p2p1p/4b1p1/4Q3/1P4PP/P2RRP1K/2q5 b - - 2 34,1594,deflection,True,True,False,endgame advantage discoveredAttack short
324,r3k2r/ppp1q1bp/8/5p2/1P4pP/2PP2P1/PB1QN2K/R6R b kq - 0 22,2608,oneMove,True,False,False,
325,1r1q2r1/R1Rb3k/7B/1p1p4/4p3/1QPB4/1P4P1/6K1 b - - 0 30,2511,doubleBishopMate,True,False,False,
326,8/8/8/5R2/6Pp/p4r1P/K5k1/8 w - - 7 53,3232,rookEndgame,True,False,False,
327,4r1k1/pr2qpbp/6p1/2QP4/P2p4/7P/R2N1PP1/1R4K1 b - - 0 25,2429,advantage,True,False,False,
328,7b/p2k3P/3r4/B7/8/3pPK2/P3r3/7Q b - - 1 43,2079,dovetailMate,True,False,False,
329,8/8/8/p2pk3/1p3pP1/1P3P2/P4K2/8 w - - 0 45,1774,pawnEndgame,True,False,True,
330,4Q3/5pk1/3p3b/2p1pB2/2K1b3/1P2q3/8/7R w - - 0 41,2060,sacrifice,True,False,False,
331,R7/pb4pk/1p2p1q1/4Pr1p/7P/2Q3B1/PP3PP1/5BK1 b - - 4 30,632,veryLong,True,False,False,
332,r3kb1r/pp3ppp/1q2p3/3p1b2/3N1BP1/3B3P/PPPN1P2/R2QK2R b KQkq - 0 11,2384,trappedPiece,True,False,False,
333,6rk/2R2Rbp/4q1p1/1p2B3/p3p3/6PP/4BP2/6K1 w - - 6 34,2761,doubleBishopMate,True,False,True,
334,3r1rk1/pp4pp/3b1p2/4n2q/P1B5/2P1B2P/2P1QPP1/3R1RK1 b - - 0 18,2105,attraction,True,False,False,
335,5rk1/p2b1p2/3p1Pp1/1ppp3P/4r2Q/2Pq1N1P/PP5K/R4R2 w - - 0 26,2084,balestraMate,True,False,False,
336,r2q1b1k/pp4pp/3p2b1/3Q4/4P3/n7/P1P2PPP/R4RK1 w - - 0 19,817,oneMove,True,False,False,
337,8/3k4/2r3p1/8/p2Kp2R/2P1P3/3P4/8 b - - 5 47,1979,rookEndgame,True,False,False,
338,8/1k6/1B4Rp/2P3p1/5p2/1P3P1P/5n1K/4r3 b - - 1 41,1930,vukovicMate,True,False,True,
339,2r2bk1/pp4pp/2p3q1/2n1p3/4B3/Q2PBb2/PPP2P1P/R3K3 w Q - 1 19,2352,doubleBishopMate,True,False,False,
340,3r2k1/1pp1rpp1/8/pP1PR3/P1P2QpP/6P1/1q3P1K/4RB2 b - - 0 30,2001,skewer,True,False,False,
341,4Q3/p5Bk/7p/8/1b3PK1/4P1PP/P3q3/1r6 w - - 1 35,2867,cornerMate,True,False,True,
342,8/8/5pb1/2Q2n1k/3P1qp1/2P5/PP3PP1/R5K1 b - - 2 34,2105,mateIn2,True,False,False,
343,8/8/p5pk/8/1P5Q/P6P/5rr1/R6K b - - 0 36,1672,queenRookEndgame,True,False,False,
344,2kr4/pp4pp/4Pp2/2q2P2/P5P1/1Q1r3P/2p3BK/5R2 w - - 2 30,2393,queensideAttack,True,True,False,endgame mateIn1 mate queensideAttack oneMove
345,r4rk1/p1p1R1pp/3p4/P5B1/2Pp4/5bP1/1P6/R5K1 w - - 0 21,2073,clearance,True,False,False,
346,1r2kb1r/p1p1q1p1/1pn1p2p/P1n1P3/2Q5/4BN1P/5PP1/RN1R2K1 w k - 7 19,1700,trappedPiece,True,False,False,
347,5Q2/2R4p/4p1pk/5p2/1P2r3/6PP/q4P2/5K2 w - - 5 44,2266,anastasiaMate,False,,,
348,6k1/p1pQ1pp1/4r3/8/7p/2P4P/PP3Pb1/1r3NK1 w - - 2 26,1090,advantage,True,False,False,
349,6rk/1p6/p7/2pQ1b2/P4q2/1P1P3P/1PR3PN/7K b - - 1 28,2705,dovetailMate,True,False,True,
350,8/1p6/p7/P3p2p/1PK1P1kP/6P1/8/8 b - - 0 39,1619,pawnEndgame,True,False,False,
351,1r4k1/8/1P6/K1B2R2/P4pP1/5P2/8/1r6 b - - 5 58,1649,hookMate,True,True,False,endgame mateIn1 mate oneMove
352,r1bq1r2/pppn1k2/7R/3np3/2P5/4P3/PP3PP1/RN1QK3 w Q - 0 15,2654,mateIn3,True,False,False,
353,r1b2rk1/1pp2ppp/3p4/4p2N/2B1P2q/3PKQ1P/P1P2P2/R7 w - - 2 19,2082,middlegame,True,False,False,
354,8/Pkp5/6p1/PN2p1pp/2K5/3Pb2P/6P1/8 w - - 4 47,1955,masterVsMaster,True,False,False,
355,2r5/3N1p1k/1pr1nPpp/8/8/2PqP3/PQ3PP1/2KR3R b - - 1 38,3161,mateIn5,True,False,False,
356,8/2p5/4k3/pp3pr1/3P1K2/2P5/1P3R2/8 w - - 0 44,2700,intermezzo,True,False,False,
357,r1bq2k1/1p3ppp/p3p3/3p4/4n3/3BPP2/PPP3PP/R2QK2R b KQ - 0 14,1012,mateIn2,True,True,False,middlegame advantage short
358,4nrk1/p2b2p1/1p1p4/2p1b1P1/P3p2R/1P2B3/1PK1Br2/7R w - - 4 31,1242,interference,True,False,False,
359,6k1/p1p3p1/2pr2q1/3p4/4p3/2P1P1Pr/PP1Q1PK1/3R1R2 b - - 1 20,3115,enPassant,True,False,True,
360,r3kbnr/ppp2pp1/2np4/8/2BPPQpq/1N6/PPP3P1/RNB2RK1 b kq - 6 11,1189,opening,True,False,False,
361,2b2nk1/q4r1p/2Bp3P/p2P4/2p5/1P5P/PBp2R2/5RK1 w - - 0 32,1466,pin,True,False,True,
362,r2k3r/pp3ppp/4p2n/1B1p4/2n5/1N4qP/PPQ3P1/R4R1K w - - 2 20,2667,middlegame,True,False,False,
363,2kr3r/1pp3p1/pn2N3/1P5q/P1Q2P2/5bPP/3R3K/4R3 w - - 1 29,3091,equality,True,False,False,
364,3r1k2/pppr1p1p/6p1/2p1P3/2P1P3/P1P5/1R1bN1PP/3R2K1 b - - 0 22,883,discoveredAttack,True,False,False,
365,8/1p4rP/1kb1Nn2/5P2/1P1p4/8/6P1/5RK1 w - - 1 41,1583,smotheredMate,True,False,False,
366,8/1p4p1/4p3/P7/4p2p/3QP2P/5PP1/5K2 b - - 0 37,2137,master,False,,,
367,rnbk4/pppp1Qp1/8/4Pp1P/8/8/PPP1PNq1/R3K3 w Q - 1 18,2812,castling,True,False,False,
368,8/8/3p2k1/2pP1p2/Pp1p1K2/1P3B2/8/8 b - - 3 62,1277,bishopEndgame,True,False,False,
369,rn1q1k2/ppp4R/3ppr2/4p3/4P3/3BPN1P/PPP5/R3K2R w KQ - 0 16,634,skewer,True,False,False,
370,8/1R3pk1/2N1p1Pp/3p1p2/3P1K2/7r/8/8 b - - 0 36,1345,skewer,True,False,True,
371,8/p7/8/6p1/1PPkp1P1/3p3P/P2K4/8 b - - 0 42,1500,pawnEndgame,True,False,False,
372,8/p2b4/3P3p/1ppK1k2/7P/1PP5/P7/8 w - - 4 44,721,bishopEndgame,True,False,True,
373,8/1p2k3/p2p4/2pPb3/2P1PP2/P1NBK3/1PB3br/5RR1 b - - 0 32,1854,promotion,True,False,False,
374,k7/2B2p2/4n3/1N6/p2N4/3rP1P1/1p5R/5K2 b - - 5 44,1098,promotion,True,False,False,
375,4k2b/4pp2/Qpr1q3/p2n4/P2P4/BP2P3/5PPP/4R1K1 w - - 0 22,1102,oneMove,True,False,False,
376,2kr1b1r/p4ppp/2p2n2/3pN2b/4P3/7P/PPP3P1/RNBQ1RK1 b - - 0 14,895,bodenMate,True,False,True,
377,r1k4r/ppp1n3/5p2/2Np2pQ/Pq1P4/3QP1p1/8/2R2RK1 w - - 6 25,1992,balestraMate,True,False,False,
378,r4k2/4rp2/1p5N/pP1p1R2/P2P2qp/7P/4NQ2/R4K2 b - - 0 36,3135,veryLong,True,False,False,
379,8/8/r7/1K5R/3k4/8/5p2/5R2 b - - 0 59,1113,mateIn1,True,False,True,
380,r3k2r/1q1b4/2pPp3/p1p1P2p/P1p2QnR/2P5/1P3P2/R3K3 w Qkq - 0 28,3183,castling,True,False,False,
381,6k1/p5p1/2p2q1p/3b1p2/P7/6QP/1Pr2rP1/1R2R1K1 w - - 2 38,2184,killBoxMate,True,False,True,
382,r2q2k1/pp1b1pbp/6p1/n1pNr3/5P2/P1PP3P/BP4P1/R2Q1RK1 w - - 0 16,1465,doubleCheck,True,False,False,
383,6n1/p6p/3q2k1/2pN1pp1/2PpQ1P1/P6P/5P2/6K1 w - e6 0 32,2667,enPassant,True,,,
384,3r2k1/pQ3ppp/4bn2/8/8/4P1P1/q2BBP1P/1R1K3R b - - 0 23,1783,killBoxMate,True,False,False,
385,r2q2k1/1b3p2/p6R/1pbN1Qp1/2p5/6PP/PPP2rP1/4R1K1 w - - 0 24,3184,intermezzo,True,False,False,
386,5r1k/ppq3p1/2n5/5n2/6Qp/1PN4K/PB3PP1/R5R1 b - - 4 25,2459,underPromotion,True,False,False,
387,r4rk1/pppb2p1/3b3p/3Qnpq1/3PpN2/2P4P/PP2BPP1/RNB2RK1 b - - 0 18,2916,kingsideAttack,True,False,False,
388,r5k1/pp2qpp1/2p2n1p/3p4/1b1P1N2/3Q2P1/PPP2P1P/R1B4K b - - 0 19,1921,clearance,True,False,False,
389,1r4k1/5p2/p4Bp1/3pRp2/2bP4/p1P5/Pr4PP/2R4K w - - 0 25,567,mate,True,False,True,
390,8/2R2pk1/2Q2npp/p7/3q4/P7/1P2R1P1/7K b - - 4 38,625,fork,True,False,False,
391,3k4/4b3/q3p2p/1QP3pP/2P5/P4p2/5PN1/5RK1 b - - 0 42,2565,advancedPawn,True,False,True,
392,2b5/6p1/6pk/q2PP3/pp4P1/2pP3P/PpP5/1K2RR2 w - - 0 32,1820,underPromotion,True,False,False,
393,8/8/p7/6P1/1p3K2/8/k7/8 w - - 1 52,3041,endgame,True,False,False,
394,r5r1/p2b1p1k/2pP3q/8/4P2Q/2NB2p1/P5R1/6K1 w - - 4 34,1490,equality,True,False,False,
395,6k1/5ppp/4p3/pp6/8/q1rRP1P1/1N3PP1/6K1 w - - 0 31,456,short,True,False,False,
396,2r3k1/rp3p1p/2q1b1p1/p1Np4/P2P1B2/1QP2P2/6PP/4R1K1 w - - 6 24,1167,oneMove,True,False,False,
397,3r2k1/Q4p1p/3qp1p1/2n5/8/4P3/p4PPP/2RR2K1 w - - 0 28,2196,xRayAttack,True,False,False,
398,r1b2rk1/1b3pp1/3qp2p/1p1pN3/3P4/3Q2P1/1PB2PP1/R3K2R w KQ - 2 24,894,sacrifice,True,False,False,
399,6kr/5pp1/7p/4p3/1P6/2q3P1/r6P/2R2R1K w - - 0 29,1442,queenRookEndgame,True,False,False,
400,r2qbBk1/4n3/p4pp1/1pn5/2Pp4/6P1/PP1Q1P2/RB2K1NR b KQ - 0 20,2566,opening,True,False,True,
401,8/6p1/8/7p/1P3P2/2P3k1/8/6K1 b - - 2 49,1773,bishopEndgame,True,False,False,
402,r1br2k1/ppp3p1/n6p/5p2/1PPN1pP1/P2Q1N1K/7P/R6R b - - 0 23,951,intermezzo,True,False,False,
403,2r4k/8/p2bP2p/PpN2KpP/1P1PRp2/4rP2/2p5/2R5 b - - 2 54,3229,capturingDefender,True,False,False,
404,2Q2r2/1PP3b1/3kB3/4q3/1P6/P7/5PP1/5R1K b - - 0 44,1210,hangingPiece,True,False,True,
405,r4rk1/ppp3pp/8/5b1N/2P4q/3B3P/P1PB2P1/R2Q2K1 b - - 0 16,1527,veryLong,True,False,False,
406,kr4n1/pp1R4/2p1p3/5pPr/5q2/2N2N2/PPP4p/5R1K w - - 0 35,852,smotheredMate,True,False,True,
407,r4r1k/1ppq2p1/p2p2np/P1P5/8/1BPQ4/1P3P1P/R4RK1 b - - 0 18,2734,kingsideAttack,True,False,False,
408,6k1/6r1/2p1P3/3p1r2/p5RQ/1qp5/6P1/2KR4 w - - 0 33,2775,cornerMate,True,False,False,
409,1k2r3/p2qbQ2/Pp1p3p/3N2p1/2qp4/6P1/1PP4P/3KR3 w - - 0 36,1937,long,True,False,True,
410,8/2k5/8/4K3/1R6/1p5b/8/8 b - - 1 59,3209,veryLong,True,False,False,
411,8/3q3p/3b4/1p6/1PpPppk1/2P5/2Q2PP1/5NK1 w - - 1 35,2511,master,True,False,False,
412,6k1/ppp2p2/2np1b2/4p3/4P1qp/P2P1Nr1/1PP1RP1K/R3QB2 b - - 5 25,824,triangleMate,True,False,False,
413,4r1kr/pp5p/2p1p1q1/3RQ1P1/8/B7/P1n3PP/5RK1 w - - 0 25,783,triangleMate,True,False,False,
414,r4q1k/ppp3pp/1bN5/8/8/2P4b/PP1N2P1/R2Q2K1 w - - 2 22,775,sacrifice,True,False,False,
415,8/8/1N3p2/4p3/P3P1p1/2K3Pp/5k1P/8 b - - 1 35,2116,cornerMate,True,False,False,
416,2r3k1/p1b3pp/1p2N1n1/8/2rP4/2BR2P1/1P3PKP/2R5 b - - 0 31,1398,veryLong,True,False,True,
417,8/p7/8/5P2/4K2p/4B2P/8/1kq5 w - - 0 56,982,quietMove,True,False,False,
418,8/8/8/p2pBb2/1pP1p1pk/1P6/P4K2/8 w - - 0 43,2597,bishopEndgame,True,False,False,
419,4rbk1/2R4p/2p2ppP/2P5/pP6/P4P2/1B2r1P1/4RK2 b - - 0 31,663,blindSwineMate,True,False,False,
420,6r1/1pp1k1P1/2n3R1/5P2/p3K3/P2p4/1P6/8 w - - 5 42,3170,promotion,True,False,True,
421,r4rk1/p2q1ppp/bpN1p3/1N1pP3/8/3Q1P2/PPP3PP/R3K2R b KQ - 2 15,1270,oneMove,True,False,False,
422,2r1r2k/1pbq3B/2n1bpp1/p2p2N1/P2P2P1/4P3/1P3P2/2RQ1RK1 w - - 0 25,936,mateIn5,True,False,False,
423,1k1r3r/1p1q3p/2p1pQp1/N3p3/4Pb2/R4P2/PPP3P1/1K1R4 b - - 0 22,340,queensideAttack,True,True,False,middlegame mateIn1 mate hangingPiece queensideAttack oneMove
424,4r1q1/ppp1P1k1/3p2b1/8/7Q/2N1b3/PPP3Pp/5R1K w - - 1 21,3036,mateIn2,True,False,False,
425,2q2r1k/6pp/2p1N3/p2p1n2/8/2PQ4/Pr3RPP/4R1K1 w - - 0 29,1383,mateIn5,True,False,False,
426,5rk1/p7/4R2p/6qP/1p1n2B1/8/PP3PP1/1Q4K1 b - - 0 34,2798,interference,True,False,False,
427,2r2rk1/pp2Rpbp/6p1/3B4/2P3Q1/6P1/Pqp2PPP/5RK1 w - - 2 23,2469,pin,True,False,False,
428,r2qkb1r/3p1p1p/4pp2/1Q6/4P3/2NR1P2/PPK2P1P/7R b kq - 0 18,1836,oneMove,True,False,False,
429,r5k1/p1RRQ1rp/1p6/2p4q/8/8/PP3P2/4Kb2 w - - 6 35,2321,mateIn2,True,False,False,
430,8/pp5k/2n3p1/2PnB1Kp/1P6/P7/7P/8 w - - 2 40,2708,mateIn2,True,False,False,
431,1r6/1q5k/5pbP/p5p1/4N1P1/8/1P5Q/2K1R2R w - - 0 34,765,exposedKing,True,False,True,
432,1rk2b2/2p2p1Q/1rP1p3/7p/2R3p1/1qP5/5PPP/3R2K1 w - - 3 30,3076,queensideAttack,True,False,False,
433,8/6Qp/3rr3/PR6/3p2P1/3np1Pk/4K2P/8 b - - 4 40,3269,blindSwineMate,True,False,False,
434,r2r4/p2r1p1k/1p2pP1p/q1p1P2P/3Pp3/2P1B3/PPQ5/1K4R1 w - - 5 30,2558,cornerMate,True,False,False,
435,8/PK6/8/4p3/8/5p2/5Pk1/8 w - - 3 62,3242,defensiveMove,True,False,False,
436,r6k/pp1q1rRk/3bp2P/3p1p2/8/2N2P1Q/PP5P/6RK w - - 3 24,2682,sacrifice,True,,,
437,r1bqk3/pp1n1p2/2pp3r/4p3/2B1P3/2P1P1P1/PPQN2P1/2K2R2 w q - 0 16,922,attackingF2F7,True,False,False,
438,r3k3/ppq2p1N/5Qn1/3p1p2/3r1b2/8/PP5P/R4R1K w q - 2 24,2191,attackingF2F7,True,False,False,
439,2k2b1r/ppqn1ppp/2p3bP/3pP1B1/4pQ2/5PPB/PPP5/2K3NR w - - 3 20,2530,anastasiaMate,True,False,True,
440,8/2k5/2P1Kp2/5P2/2n3P1/8/8/8 w - - 5 55,2662,knightEndgame,True,False,False,
441,4r1k1/2p3q1/b2p1p1p/3P1P2/p2QBnPN/Pr2R2P/7K/4R3 b - - 1 33,2880,equality,True,False,False,
442,8/8/8/2P1pk1p/1R6/4R1K1/1pr3PP/1r6 w - - 1 46,1767,rookEndgame,True,False,True,
443,2kr1b1r/p3p1pp/2p1p3/4P3/8/4R3/PPP3PP/R1B4K b - - 0 16,497,backRankMate,True,True,False,endgame mateIn2 mate backRankMate short
444,6k1/5rp1/3p4/4p2p/4P3/4Q1qb/3B2B1/2R3K1 w - - 8 49,2819,trappedPiece,True,False,False,
445,4rb1k/p1pq3p/5pp1/pPR5/3R4/P4P2/1B4PP/4Q2K b - - 0 25,315,killBoxMate,True,False,False,
446,2r1r1k1/4pp2/p2p1Qp1/1p1Pn3/8/6q1/PPP4R/1K2R3 w - - 0 30,1885,interference,True,True,False,middlegame mateIn1 mate oneMove
447,r4r2/1b2p1k1/p2p2p1/1p4N1/4P1Q1/1PN1q3/1PP3P1/R6K w - - 1 22,2392,cornerMate,True,False,False,
448,8/p1p3p1/1pQb3k/8/4nP2/4p2B/PqP3K1/5R2 w - - 2 29,3076,deflection,True,False,True,
449,1r6/R3R3/5rpk/1P3p2/1n2pN2/p7/6PP/6K1 w - - 9 41,2022,vukovicMate,True,False,False,
450,r1b1k1nr/bp3p2/1qp5/8/P1p1P3/B1P2PpP/6B1/RN1QK2R b KQkq - 1 19,2838,arabianMate,True,False,False,
451,1r4k1/R5r1/2bq4/2p2p2/3p1P2/1P1P2pP/2PQ2B1/5RKK b - - 1 30,3108,doubleBishopMate,True,,,
452,r1b2Qnk/p2p2p1/1p5p/2b1p1q1/2PQ4/2N2R2/P5PP/5RK1 w - - 1 23,1084,sacrifice,True,False,False,
453,r3b2r/p6p/k2Pp3/2Q1p3/pPp2qp1/2P2p2/2K2P2/6RR w - - 2 43,2893,smotheredMate,True,False,False,
454,1r1q3k/5rb1/p2pBn1B/1b1Pp1Qp/1P2P3/P4P2/7P/2R1R1K1 b - - 1 29,2453,xRayAttack,True,False,False,
455,2rr2k1/2Q2pp1/p1Pp4/3Pbb1p/8/2P5/P2N1PPP/1R3RK1 b - - 0 21,2617,blindSwineMate,True,False,False,
456,6k1/1B3pp1/p6p/1b1nP3/1N3b2/P2p4/1P1B1KP1/4r3 w - - 0 34,2540,anastasiaMate,True,False,False,
457,8/8/3p4/2p1k3/1PP5/6r1/P1KB4/8 w - - 3 42,1939,arabianMate,True,False,False,
458,3r1rk1/1pp2p1p/p3bQ2/6p1/4R3/2Pr3P/PP3PP1/R1B2K2 b - - 0 22,340,superGM,True,False,True,
459,r7/8/5R2/2p5/1pbk3p/4pP1P/PPK1R1P1/8 b - - 0 37,2206,backRankMate,True,False,True,
460,8/4kB2/3b1qP1/2p2p2/1pP1r3/4PK2/5Q2/3R4 w - - 1 39,2748,triangleMate,True,False,False,
461,r5k1/p1pp2p1/b1p3r1/2B2p1Q/8/P1Pn4/2P2P1P/R5RK b - - 0 20,871,cornerMate,True,False,False,
462,8/4p1k1/p5pp/2pP4/p1K1N3/8/1qP1QP1P/6R1 b - - 3 31,1679,skewer,True,False,False,
463,r5k1/5ppp/pp2Pq2/2pP1Pb1/7r/4R3/P1B1Q3/2K3R1 w - - 1 32,2332,sacrifice,True,False,False,
464,3r2k1/Qp2q1p1/1p3pnp/4p3/4b3/P4N2/6PP/3R2K1 w - - 1 25,1936,veryLong,True,False,True,
465,r4rk1/p5pp/2R5/3p4/2nPp3/6N1/PPP3PP/1K3R2 b - - 1 22,1209,backRankMate,True,False,False,
466,8/3Q2p1/1q1p1rk1/3Pp2p/1p6/7P/2r2RP1/6K1 w - - 0 33,2076,killBoxMate,True,False,False,
467,2kr1r2/pR3p1p/8/8/3ppQ2/6P1/n1q2P1P/1R4K1 w - - 1 21,2581,veryLong,True,False,False,
468,r5rk/pp4bp/6pN/2PQ4/8/8/PP1q2PP/R4bK1 w - - 0 23,1881,smotheredMate,True,False,False,
469,7r/5P2/6k1/3Q1q2/1p3p2/1B3P1P/2r3PK/8 w - - 0 40,1887,underPromotion,True,False,False,
470,r4rk1/q5p1/p3Np1p/3Q2b1/3N2P1/3bPP2/PP4K1/R6R b - - 0 30,2636,veryLong,True,False,False,
471,4b3/8/4p2B/1k1pPp1P/1p3P1K/p7/1P6/8 w - - 0 41,2989,veryLong,True,False,False,
472,6rk/p3kp2/8/2n1P2p/3pB3/2p2K1P/P4P2/2R1N3 b - - 1 36,2132,sacrifice,True,,,
473,8/8/p7/P7/1P6/6pk/6p1/7K w - - 0 52,1389,zugzwang,True,False,False,
474,2r3k1/p1rq1ppp/4pn2/8/1Q1PP3/5P2/PP1B2PP/2R1KB1R b K - 0 17,2789,discoveredAttack,True,False,False,
475,R7/pp2qp1k/2p3b1/8/7p/Q7/PP3P2/4R1K1 b - - 2 28,506,attraction,True,False,False,
476,3Q2k1/5pb1/4bnpp/8/2PP4/pPB2P2/P5qP/1K2R3 w - - 0 30,1987,fork,False,,,
477,2k2b1r/B4ppp/1pB2n2/8/1r3N2/8/5PPP/5RK1 w - - 0 19,1066,attraction,True,False,False,
478,8/2p2nk1/2p1Qpp1/r7/6P1/1P5q/P2N1P1p/3RR2K b - - 1 42,2814,balestraMate,True,False,True,
479,3r4/3k4/2p1r3/1P1q1Q2/4p3/3P2R1/2P5/1K6 w - - 1 47,2414,endgame,True,False,True,
480,5bkr/p4p1p/p2P4/2B5/4Q3/8/2PK2PP/q7 w - - 0 26,2948,long,True,False,False,
481,2krr3/pp1q2pp/2p1pp2/8/3P1QP1/2P4n/PP1N1P2/2KR1P1R w - - 0 22,1031,capturingDefender,True,,,
482,8/8/2p1p3/1pPpPb1k/6p1/2K1P2p/2P4B/3B4 w - - 14 41,418,bishopEndgame,True,False,False,
483,5k2/5pp1/p5p1/P1P5/2p2P2/2PQ4/3K1P2/8 b - - 4 41,630,crushing,True,False,False,
484,r1b1k1nr/2pp1ppp/p1n2q2/1pbB4/4P3/2p2Q2/PPP2PPP/R1B2RK1 w kq - 2 10,2058,capturingDefender,True,False,True,
485,2b2r1k/r2R3p/p4Np1/1p2p3/3nB3/8/PP3PPP/5RK1 w - - 0 24,896,arabianMate,True,False,False,
486,3r4/pk4pp/5p2/5P2/2Q1r3/7P/PPP3P1/1K1R4 b - - 0 29,450,master,True,True,False,endgame mateIn1 mate backRankMate hangingPiece queenRookEndgame oneMove
487,r2qk1nr/pp3ppp/4p3/3pP3/1b1n4/3B4/PP3PPP/RNBQ1K1R w kq - 0 11,2606,opening,True,False,False,
488,8/5pp1/2r4k/7p/1P2qP2/5n2/6RP/3QN2K w - - 2 39,2211,arabianMate,True,False,False,
489,8/2p2pk1/p2p2Pp/4pP1Q/4P3/2P1P2P/qrp5/5RK1 w - - 0 26,2149,mateIn3,True,False,False,
490,7r/pppq2k1/1b1p1RpN/6n1/4P2P/1Q6/PP4K1/8 w - - 0 39,3245,short,True,False,False,
491,r4rk1/2p5/3b3p/p2PPbp1/5p2/2N3PP/P2B1Q2/K4B1R b - - 0 24,736,doubleBishopMate,True,False,False,
492,r2qr2k/ppp2p1p/3p3Q/8/3nP3/2BP1P2/PPP4P/R3K3 w Q - 1 17,1310,castling,True,False,False,
493,8/8/8/8/8/3pk3/8/3K4 b - - 0 63,1819,defensiveMove,True,False,False,
494,7k/ppQ1R1p1/2p3p1/8/5r2/Pr4qP/5Rp1/6K1 w - - 2 33,2825,mateIn4,True,False,True,
495,3r3k/1p5q/p3p1Q1/6P1/7b/1PrP1R1K/P3R3/8 w - - 0 33,1100,exposedKing,True,False,False,
496,8/1p3pk1/p5p1/7p/1P1P2R1/n1P3B1/6r1/4K3 w - - 0 47,1525,bodenMate,True,False,False,
497,8/8/1p2k3/pPp5/3pP3/1K1P4/8/P7 b - - 1 57,2195,zugzwang,True,,,
498,r3kb1r/ppp2ppp/2p2q2/8/4N1b1/4Q3/PPPP1PPP/R1B1K2R b KQkq - 2 9,308,capturingDefender,True,False,True,
499,1r3k2/3r1pp1/7p/1N6/2N1P3/1Q1B1R2/PPP3q1/1K4R1 b - - 14 41,1567,backRankMate,True,True,False,middlegame mateIn3 mate backRankMate hangingPiece long
500,4r1k1/8/1p2r3/pP5p/P1q5/2P3K1/4RQP1/4R3 b - - 3 54,2013,exposedKing,True,False,False,
501,8/8/2p5/2P1pkpp/2Kp4/3P2PP/8/8 w - - 2 46,878,pawnEndgame,True,False,True,
502,rr4qk/3n1p1p/2p2p2/p1b1pN1Q/1p1pP2P/PP1B4/2PK1PP1/R6R w - - 1 23,2859,superGM,True,False,False,
503,8/5pp1/2p2kp1/1pP1p3/1P2Pq2/3QKP2/4B3/8 b - - 2 37,2839,sacrifice,False,,,
504,7r/p1k5/2p2pQ1/1p1r1p1P/1P1p2p1/1K1Pq3/P1P5/5R2 w - - 0 38,2074,master,True,False,True,
505,r5r1/1qk2p1p/p4n2/1pb1p3/7Q/P2PP3/1P2NPBP/2R2RK1 b - - 0 21,3098,balestraMate,True,False,False,
506,r3k2r/ppq2pp1/4p1p1/P5B1/1PpP4/5Q2/5PPP/R4RK1 b kq - 0 17,780,middlegame,True,True,False,middlegame mateIn1 mate kingsideAttack oneMove
507,8/5rk1/6p1/5bPp/5Q1P/3p1P2/R2R2K1/4r3 b - - 0 53,3015,skewer,True,False,False,
508,2r2r2/2Pk1p2/Q3p1p1/3q3p/2R4P/p4PPB/6K1/8 w - - 9 52,2003,triangleMate,True,False,False,
509,8/7p/3R2p1/P3p1Bn/4k2P/8/5PK1/1r6 b - - 4 48,2565,cornerMate,True,False,False,
510,5r2/pp5r/1kp3p1/q2pQ3/3P4/7B/P1P2P2/3K3R w - - 14 30,2048,skewer,True,False,False,
511,1n1r1k1r/Q2n2pp/1p2p3/3pNpq1/3P4/2P5/PP4PP/R5K1 w - - 2 18,2849,smotheredMate,True,False,False,
512,r2qkbnr/ppp2ppp/3pB3/4N3/4P1Q1/2N5/PP2KPPP/n1B4R w kq - 0 10,2736,attackingF2F7,True,False,False,
513,8/8/2p2k1p/2P3pP/3pp1P1/P7/4Kp2/8 w - - 1 47,3045,masterVsMaster,True,False,True,
514,8/8/p1r4p/2P4P/1K1p4/3k4/1P6/8 w - - 1 50,552,zugzwang,True,False,True,
515,4r1k1/pp4pp/3p4/3P1p1P/1qP2B2/8/PPQ4K/R7 b - - 0 31,3098,advantage,True,False,False,
516,r1b1r1k1/ppp3p1/6Pp/3p3Q/4qPp1/2P1P3/PP5R/R3K1N1 w Q - 5 18,565,castling,True,False,True,
517,r4k2/pb2qP2/1p1pr2p/2pp1Q2/2P2B2/2N4P/PP6/R5KR b - - 0 27,2734,exposedKing,True,False,False,
518,r1b2rk1/pppp1pp1/6Np/n2Q4/2B3P1/2P1P3/P4qPP/R2K3R w - - 7 16,2033,masterVsMaster,True,False,False,
519,r5kr/1b4p1/2p1p3/pp1pPq1p/1Q1P2NP/2P2P2/PP4R1/R3K3 w Q - 0 27,1527,pin,True,False,False,
520,1r4k1/5ppp/8/1p2R1b1/8/7P/2r2PP1/4R1K1 w - - 0 30,705,veryLong,True,True,False,endgame mateIn2 mate backRankMate short
521,rn1qkb1r/pp2n1p1/2p1P2p/3p2N1/3P2bP/2PB4/PP3Q2/R1B1K3 w Qkq - 0 17,730,attackingF2F7,True,False,False,
522,2k3nr/1pPq4/5p2/3p4/p3r1P1/P5Pp/1P2B2P/R1BQK3 w Q - 0 25,2106,master,True,False,False,
523,5Q2/p7/6pb/6k1/1K4Pn/1PP5/P3q3/R7 w - - 3 39,3086,attraction,True,False,True,
524,6k1/p4p2/6p1/1p1b3p/2r5/6NP/1q3RP1/5RK1 b - - 1 34,1639,masterVsMaster,True,False,False,
525,Q7/1pB2B2/5P1p/2b3p1/3q2k1/5p2/P7/R4R1K b - - 0 30,2178,crushing,True,False,True,
526,r1b1qr2/ppp2pkp/3p1b2/3N4/4P2Q/7P/PPP3P1/3K1B1R w - - 0 15,791,deflection,True,False,False,
527,1r6/1b4k1/5qp1/3PR3/2p3QP/1p4P1/1P3P2/6K1 w - - 1 34,3188,attraction,True,False,False,
528,5rk1/pppnp2p/6p1/8/3P2R1/7P/qP4P1/2BQ2K1 w - - 0 25,2356,masterVsMaster,True,False,True,
529,4N3/8/p1K3kp/5pp1/5P2/2P3PP/n7/8 w - - 4 37,2196,knightEndgame,True,False,False,
530,4k2r/p3bpp1/b6p/4N3/4R3/6B1/PPr2PPP/RN4K1 b k - 1 17,374,promotion,True,True,False,middlegame mateIn2 mate backRankMate short
531,2kr3r/Qpp2ppp/p1pbq2n/8/3P4/4PN2/PPP2PPP/R1BR2K1 b - - 0 13,2539,kingsideAttack,True,False,True,
532,2b3rk/2p5/1p4qp/1N1Pp2n/p1P1Pp1b/P1B2P2/3QN1PP/2R2R1K b - - 4 26,2215,enPassant,True,True,False,middlegame mateIn1 mate kingsideAttack oneMove
533,8/6p1/1k4P1/3r2K1/1P1pR3/8/8/8 w - - 3 60,2337,masterVsMaster,True,False,True,
534,r6k/1b2q2p/p2p2rQ/1p2p3/4P3/P1N2P2/1PP5/2K3RR b - - 0 24,2718,short,True,False,False,
535,5k1N/ppp3pp/3p4/4r3/8/3Q2nP/PPPP4/RNBK1q2 b - - 1 22,1117,fork,False,,,
536,6k1/1p3pp1/2p4p/p2p1Q2/3Pnn2/PP2KN1P/6q1/4R3 w - - 0 33,2575,kingsideAttack,True,False,False,
537,2r1k2r/pp1n1p1p/7Q/1b2P3/1P6/P1q5/2P2RPP/R5K1 w k - 6 23,2311,attackingF2F7,True,False,True,
538,1r3rk1/p4ppp/8/4bPP1/P1Bq4/7P/Q7/2R2R1K w - - 1 29,1443,mateIn3,True,False,False,
539,8/8/7p/1p2r1pP/pk1pR1P1/1P1K4/P1P5/8 w - - 0 52,2321,capturingDefender,True,False,True,
540,3rr3/ppp5/2p2k2/4p1p1/1P1P1pP1/2P3N1/P2K1R2/5R2 w - - 0 31,1814,mateIn5,True,False,True,
541,8/2Q5/2Brb1q1/p1k2p2/8/P6P/1P3bPK/4RR2 b - - 1 29,3093,doubleCheck,True,False,False,
542,r5bk/1p2n2p/p2p2p1/2p1b1B1/Pq6/8/1P4PP/2RN1Q1K w - - 0 28,1156,trappedPiece,True,False,False,
543,8/p2q1pkp/2p3p1/4p3/P2QNb2/5N1P/1PP3P1/6K1 b - - 0 26,1027,short,True,False,False,
544,3r1rk1/pQ3p1p/2p3p1/8/2BnqN2/4B3/P4PK1/7R w - - 3 33,1942,pin,True,False,True,
545,8/ppp3k1/3q1p2/6r1/6b1/2P1R2p/PPQ2P1P/5R1K b - - 4 36,2484,masterVsMaster,True,False,False,
546,3R4/pp3rkp/6p1/4pq2/8/1Q5P/P5PK/8 w - - 2 32,2408,killBoxMate,True,False,True,
547,3r2k1/Q4pp1/Pr2p3/4P1N1/bp4qP/2pBR1P1/5PK1/R7 b - - 2 42,3252,mate,True,False,True,
548,6k1/4b3/p1p1b3/q1nB4/1p6/2N2PP1/PP5Q/1K2R3 b - - 0 32,3211,long,True,False,False,
549,8/p1p5/1p1k1p2/1P1Pp1p1/P3P1P1/4K2P/8/8 b - - 0 33,1945,zugzwang,True,False,False,
550,7k/8/2P3R1/2K2qp1/8/8/1P4r1/8 w - - 3 54,1165,mateIn1,True,False,True,
551,3r2k1/p4ppp/3P4/6q1/3Q1p2/2P2PPb/PP2QR1P/3R2K1 b - - 0 32,678,middlegame,True,False,False,
552,8/8/6p1/4pk2/4n2q/PPq2Q2/2P2PPP/6K1 b - - 8 40,1435,crushing,True,False,False,
553,8/1p4p1/pPp2p2/P1P2b2/4p2P/6k1/3K4/3B4 w - - 0 40,1391,vukovicMate,True,False,True,
554,8/1p5p/8/2b3p1/1PPk2P1/7P/4K3/8 w - - 0 40,2880,superGM,True,False,False,
555,2k2r2/1pr3p1/2p1n3/p2p3p/P2q4/6PB/1P3Q1P/5RK1 w - - 0 29,1329,pin,True,False,True,
556,r4r2/1p1b2Q1/pk1pp2p/3P1q2/2P5/RP4P1/5PK1/2R5 w - - 3 30,2615,mateIn3,True,False,True,
557,r2qr1k1/pp3pbp/3p4/2p1PP1R/8/4QP2/PPP1BP2/2K5 w - - 1 22,1590,pin,True,False,False,
558,RQ2nb2/2Pq2kp/5p2/3p4/3Bp1P1/4P2P/2r2P2/6K1 w - - 5 37,3150,master,True,False,False,
559,8/8/4R3/8/4R1qk/6p1/6K1/8 b - - 9 79,1541,queenRookEndgame,True,False,False,
560,r4r1k/1p1n1p1p/pqpb3p/3p1Q2/4PP2/3B4/PP4PP/R4R1K w - - 0 20,2793,smotheredMate,True,False,True,
561,8/6pk/5r1p/5r2/3P2q1/3QP1P1/PP3P1K/2R2R2 b - - 1 33,2840,endgame,True,False,False,
562,1r2r1k1/pp3p1p/2np2p1/2pB4/2P5/P1Q1P1Bb/1P1N1PqP/R3K2R w KQ - 0 18,699,mateIn4,True,False,False,
563,1kr3k1/1p3ppp/q3p3/4P3/Q2pnP2/2r5/1R4PP/1R4K1 w - - 0 32,2191,interference,True,,,
564,5rk1/r2b1pbp/4p3/3PR3/2p3Q1/2P3P1/P4P1P/6K1 w - - 1 31,2193,underPromotion,True,True,False,endgame advantage pin short
565,6rk/pp1n1Q2/2p1Rn1p/3p1P2/1P4r1/2PP3b/P4R1P/1N5K b - - 9 27,2141,mateIn4,True,True,False,middlegame mateIn1 mate oneMove
566,R7/5pp1/3k3p/p2n4/3P4/4R1P1/r6P/7K b - - 10 35,893,arabianMate,True,False,False,
567,2krrb2/pp5R/2q3p1/8/2p4Q/2P4P/PP3PP1/R1B3K1 b - - 0 21,2128,kingsideAttack,True,False,True,
568,7k/6pp/3N4/4n2q/1P3r2/5N1P/B1Q2P1K/4R3 b - - 0 32,2179,intermezzo,True,True,False,middlegame crushing fork hangingPiece short
569,8/1p6/2p1R2b/7k/1p1q4/1B6/PP3P2/1K4R1 w - - 0 33,960,underPromotion,True,False,False,
570,3r1r1k/pQ4b1/5q2/1PP5/P7/3RP1Pp/5P1P/3R2K1 b - - 0 26,3126,short,True,False,False,
571,6rk/pbqn2pp/8/4p1N1/2B1n3/P3B3/1PP2PPP/R2R2K1 w - - 0 19,1282,smotheredMate,True,False,False,
572,8/8/8/5k2/5p2/2P3pP/PPK3P1/8 b - - 0 44,3212,promotion,True,False,True,
573,5r1k/p3Q2p/1p3Npb/8/3R4/1PPK4/P4r1q/3RK3 w - - 4 38,2561,arabianMate,True,,,
574,8/8/3p2B1/3P1pp1/5k2/4p2K/8/8 b - - 2 47,2467,bishopEndgame,True,False,False,
575,r4rk1/ppp2pp1/3p2qp/8/1PB1Pn2/P4N1P/2P4K/R2Q1R2 b - - 0 20,697,exposedKing,True,True,False,middlegame mateIn1 mate oneMove
576,r1bq1rk1/pp1nppbp/6p1/3B2N1/P4BP1/1QPp3P/5P2/R3K1R1 w Q - 2 17,1334,superGM,True,False,False,
577,8/2p2Pk1/4B3/p2P4/P5p1/2P3K1/6P1/3r4 w - - 1 58,3011,xRayAttack,True,False,False,
578,8/pp4p1/2p2p1k/3rp3/PPK2PP1/2PR2P1/8/8 b - - 0 31,2556,rookEndgame,True,False,False,
579,1k2r3/Bpp1q2p/4r3/5p2/2P5/P5Q1/3R1PPP/3R2K1 b - - 0 23,882,mateIn2,True,False,False,
580,2kr4/2p4p/2Prp3/p3pp2/Pb6/4qP2/1Q2B3/KR6 w - - 7 35,2729,queensideAttack,True,False,False,
581,6k1/q3r2p/p2p4/2pP4/PQ2p3/8/4BrPP/1R5K w - - 0 29,2562,mateIn5,True,False,True,
582,2r3k1/p4p1p/3p1Qp1/8/1p6/6P1/2P1RPPK/1q6 w - - 4 31,2700,capturingDefender,True,False,False,
583,2rqr2k/5pp1/Q2R3p/1p1p4/3N4/P3P3/1P3PPP/2R3K1 b - - 0 24,1860,backRankMate,True,True,False,middlegame mateIn1 mate backRankMate hangingPiece oneMove
584,3r2k1/p5p1/2p2p2/2Pp1P2/7Q/P1P1p2R/2PqB2P/5K2 b - - 2 32,1401,long,True,False,True,
585,8/8/p7/1p5p/6k1/1P4P1/1P2p1KP/4K3 w - - 0 48,2841,masterVsMaster,True,,,
586,8/1pq1kp2/3prbp1/p1p3P1/4N3/3P3K/PP5P/5R2 w - - 0 37,2856,attackingF2F7,True,False,True,
587,6k1/4n3/2p5/2Pp1pbn/N2Pp1p1/4P2r/4Q1K1/B4B2 b - - 2 35,1843,hookMate,True,False,False,
588,5r1k/p2R2b1/5q1p/4p3/3n4/4Q1P1/PP3PBP/3R2K1 b - - 4 29,2241,equality,True,False,True,
589,8/pp5p/2p5/3p2p1/P2P1k2/1P3P1P/4K1P1/8 w - - 1 33,884,bishopEndgame,True,False,False,
590,8/ppbkR3/3r2p1/8/2P3PQ/P6P/5P2/6K1 b - - 0 33,1290,long,True,False,False,
591,8/2k2p2/5p2/1P6/N2b3p/8/K7/8 w - - 1 51,3017,masterVsMaster,True,False,True,
592,8/8/2k5/2p5/P3R3/2rpp2P/6P1/6K1 b - - 1 46,3025,rookEndgame,True,False,False,
593,1k4r1/pppP2qp/2n2p1r/2p5/8/P3Q1P1/1B4PP/3R1RK1 w - - 1 33,973,mateIn1,True,False,False,
594,2N3k1/6pp/pPq1p3/P1Pb4/2pQ4/5pbP/5K2/Q7 w - - 1 44,2952,balestraMate,True,False,False,
595,4r3/ppp3pp/5q2/3Q1P1k/3P4/2P1p3/PP1n3p/R4R1K b - - 2 33,2321,defensiveMove,True,False,False,
596,r2q1rk1/2p2p1R/2Pp1bn1/3Pp1p1/pP2P3/P1N2P2/3p3Q/2K4R w - - 0 27,484,sacrifice,True,False,False,
597,4r2k/1ppq2p1/p5qp/3P1r2/1P4P1/PnN1R2P/4Q1K1/4R3 w - - 0 34,351,advantage,True,False,False,
598,1n5k/4P2p/p4r2/1p4Q1/7P/2P1P3/bPB3P1/5RK1 b - - 1 29,376,discoveredAttack,True,False,False,
599,3k4/1p3R2/p2p4/2pP1p1p/2P5/6PP/PP3K2/8 b - - 0 32,2486,veryLong,True,False,True,
600,4r3/6pk/7p/8/3Qq2n/5N1P/6P1/6RK b - - 5 44,1897,hangingPiece,True,False,False,
601,k2Nq3/ppQ5/2nR4/4p1p1/4P3/2P1KP2/PP6/8 b - - 3 30,2197,anastasiaMate,True,False,False,
602,2R5/Q1nk2pp/4p3/1p2P3/1q4P1/1Bp5/1b2KP2/8 b - - 13 38,1932,balestraMate,True,False,False,
603,5rk1/1pP5/p6p/4p3/1P6/P1P1Q1Pq/2PN3P/R4r1K w - - 1 34,2561,dovetailMate,True,False,False,
604,3r2k1/1p3p1p/6p1/5q2/Q1Bb4/7P/P4PP1/4R1K1 w - - 0 26,1217,crushing,True,False,False,
605,4Q3/5kpp/pp1Pp1n1/8/1P1P1p1q/5R2/P2r2rP/5K1R w - - 2 36,2970,backRankMate,False,,,
606,5rk1/2Q2pb1/3pbqpp/8/4P3/2P1P2P/P2N2P1/2KR1BR1 b - - 0 18,2342,clearance,True,True,False,middlegame advantage short
607,6n1/3bkpQ1/2p1p3/p2pP1P1/q3P3/5K2/5P2/5B2 w - - 0 44,1458,underPromotion,True,False,True,
608,2rqkb1r/1p1nppp1/7p/1Q1nN3/1N1P4/5P2/PPP3PP/R1B1K2R b KQk - 4 15,1513,defensiveMove,True,False,False,
609,r1bq1rk1/1pp2pp1/7p/3p2b1/p1NQ4/P7/1BP2PPP/R3R1K1 w - - 0 19,814,trappedPiece,True,True,False,middlegame mateIn1 mate kingsideAttack oneMove
610,r4rk1/pp1n1p2/2p2P1p/4p1p1/7q/2NB1Q2/PPP4P/6RK w - - 2 21,3050,attraction,True,False,True,
611,5k2/3P4/1N6/p6p/1p3p2/1P2b3/PP4rP/K3R3 b - - 0 36,655,fork,True,False,False,
612,Q7/5k1k/2Bb4/3p2p1/4p1Pp/2BnP3/4qPP1/6K1 b - - 1 36,2804,mate,True,,,
613,6r1/RQpkn2p/p2p4/P2Pp1q1/4Pp2/2P5/1P3PpP/4K1R1 b - - 1 29,2082,trappedPiece,True,False,False,
614,1rb1r1k1/2q1p2p/3p2p1/p2P4/5B1P/1p3P1B/1PPQ4/q1KR3R w - - 0 25,2261,sacrifice,False,False,False,
615,8/5Q1k/6pp/p1b4n/P6q/5P2/3NR1K1/5R2 b - - 0 37,2176,skewer,True,False,False,
616,r5k1/p2b2pp/4p3/3pq3/8/6PP/PP3R1K/5RK1 w - - 0 26,573,equality,True,,,
617,8/5p2/1k2p3/p1p1P1p1/1pPP2Pp/1q2B2P/2K5/8 w - - 0 49,1151,equality,True,False,False,
618,7r/6k1/p1p5/PpPp2rb/1P2p3/2P1P1R1/2B2K1R/8 w - - 0 40,3144,interference,True,False,False,
619,6k1/8/6P1/3pP3/1p6/6B1/6K1/8 b - - 1 61,1394,superGM,True,False,True,
620,8/2Q4p/3p2pk/5p2/3Pq3/3n1N2/6PP/6RK b - - 7 37,2615,smotheredMate,True,True,False,endgame mateIn1 mate smotheredMate oneMove
621,8/6k1/3p2pp/1ppP4/6Q1/2P1q2P/PP4P1/5K2 w - - 0 33,2782,enPassant,True,False,False,
622,2rr4/5ppk/p3p3/2p3P1/4B3/2qPPP2/3Q3P/R3R1K1 b - - 1 23,974,equality,True,False,True,
623,2k5/1ppq4/1r4p1/4pp2/pp6/1PnPPQP1/P1PKNP2/7R b - - 1 25,2625,hookMate,True,False,False,
624,8/ppp3q1/3p1rPk/7p/8/1P5R/P1P1Qn2/1K6 w - - 9 38,1615,triangleMate,True,True,False,endgame mateIn1 mate oneMove
625,5k2/6pp/2p5/2q5/8/p1P5/5RPP/4R1K1 w - - 0 35,983,queenRookEndgame,False,,,
626,6k1/5p1p/Q3p1p1/8/4P3/P4q2/1r4PP/6RK w - - 0 32,1285,advantage,True,False,False,
627,8/8/1p2k1p1/p1p1pR2/P1P1K1Pp/1P3P1P/8/8 b - - 0 36,564,zugzwang,True,False,True,
628,5k2/p1q2p1Q/4p2N/3pn3/2r5/7P/5PPK/1R6 w - - 1 37,2040,mateIn2,True,False,True,
629,8/6k1/4R1pp/pp6/2pPR1K1/2P2PP1/PP6/5q2 b - - 2 32,1883,queenRookEndgame,True,False,True,
630,5rk1/6p1/4q2p/1Q1p4/3P1R1P/P1P5/6P1/7K b - - 0 33,1523,veryLong,True,False,False,
631,6k1/5pp1/p7/8/P3p3/1P3Q1P/1R3PPK/8 b - - 0 33,3040,enPassant,True,False,False,
632,r1b5/p4pRp/1p2p2P/7k/3Pp3/P1P1P3/P4r2/3K2R1 w - - 4 29,1400,endgame,True,True,False,endgame mateIn2 mate short
633,2Q1r1k1/1r3pp1/p1P4p/4q3/2P5/P3r2P/4p1P1/1R2R1K1 w - - 0 33,1538,hangingPiece,True,False,False,
634,r4rk1/ppp2pp1/2n1p2Q/3q4/3P3b/2PB3P/PP3PP1/R4RK1 w - - 1 15,1682,capturingDefender,True,False,False,
635,r7/2p5/1p2Prk1/pBpP1Np1/4K1P1/8/P7/8 w - - 1 47,1019,hookMate,True,False,False,
636,r6r/pb2qpk1/4n1p1/6P1/1P2p3/4P3/P4QP1/2RN1RK1 w - - 6 26,1644,killBoxMate,True,False,False,
637,4rr1k/p5Q1/3P3p/5bp1/8/1B2NK1P/PPP4q/4R3 w - - 0 37,2225,anastasiaMate,False,,,
638,8/8/1PN5/6p1/8/k1p3K1/8/8 b - - 3 53,3000,trappedPiece,True,False,False,
639,rnb2r2/3p1N1p/2p3p1/4Pk2/2B5/1pK1R3/6PP/8 w - - 2 25,2533,short,True,False,False,
640,2kr2nN/p2n2pp/2pB1q2/5b2/2BPp3/8/PPP2PPP/R2R2K1 w - - 5 16,1086,bodenMate,True,True,False,middlegame mateIn1 mate bodenMate oneMove
641,rnb3k1/pp4pp/4p3/3p3Q/8/P7/1q1bKPPP/n4B1R w - - 0 19,1814,skewer,True,True,False,middlegame mateIn1 mate oneMove
642,r3k2r/pp1b1ppp/8/2b5/5B2/2P5/PP3QPP/3R3K b kq - 0 21,1379,intermezzo,True,False,False,
643,8/6k1/6PP/2n2PK1/8/8/p7/8 w - - 0 51,2466,promotion,False,,,
644,8/7k/6p1/Q5K1/8/6P1/8/5q2 b - - 9 40,878,queenEndgame,True,False,False,
645,4R1nr/5Q1p/p2p2p1/1pbP4/6k1/6q1/1P5P/5R1K w - - 2 29,2537,mate,True,False,True,
646,r5k1/2pr2pp/p1p5/2b1p3/4R2N/P4P2/1PP3PP/R1B4K b - - 0 17,361,pin,True,True,False,middlegame mateIn2 mate backRankMate short
647,6k1/pb3p2/4p1p1/3q3p/1PRp1B1P/P1bP1PP1/2R1Q2K/1r6 b - - 2 29,2592,xRayAttack,True,False,False,
648,8/5p2/2p5/2pn1k1p/3p2p1/3P1PP1/1PPB1K1P/8 b - - 1 32,1675,superGM,True,False,True,
649,rn1qkb1r/pp3p2/2p1p3/3pN1p1/3P3p/2P2Q2/PP1B1P1P/R2PKb1R w KQkq - 0 13,1285,attackingF2F7,True,,,
650,r2q3r/1ppb1kp1/p1np1n1p/4p3/4P2b/2PP4/PP1N2PP/RNBQ1RK1 w - - 0 11,1824,opening,True,False,False,
651,r6k/1p2n1p1/2p3qp/p3p3/P5bQ/1BPPB3/2P4P/5R1K w - - 1 24,403,equality,True,False,False,
652,2r2k1r/1b2N3/p7/1p3N2/3Pq1p1/4P2P/1P3PP1/R1RQ2K1 b - - 0 27,2123,masterVsMaster,True,False,False,
653,r3kr2/1bpqn3/pp1pp3/3P1pP1/P1P1P1p1/2NBB1P1/1P6/R2Q1RK1 b q - 0 19,2976,equality,True,False,True,
654,rb5k/4P2p/1Pb3p1/2B3P1/P4P1P/4K3/2R5/8 w - - 1 37,1190,doubleBishopMate,True,False,False,
655,4r1k1/b1p2pp1/Q5B1/p2N4/7q/P3P3/1P1K4/R4R2 b - - 0 28,1084,short,True,False,False,
656,8/8/2r3p1/n5P1/8/8/8/K1k3Q1 b - - 1 59,919,vukovicMate,True,False,False,
657,7Q/2k3K1/8/3P4/1PN5/8/8/q7 b - - 0 45,1597,master,False,,,
658,r3kb1r/p1p2p1p/q7/2pBp1pb/4P3/1R6/2PK4/3Q1R2 w kq - 0 20,1880,attackingF2F7,True,False,False,
659,1r4k1/5pp1/2p1p2p/2PPP3/2R2P1B/P1p5/6PP/7K b - - 0 29,2012,veryLong,True,False,False,
660,r1bqk2r/5ppp/p1pbpn2/2Pp4/8/2N1BN2/PPP2PPP/R2QK2R w KQkq - 1 11,1009,opening,True,False,False,
661,4K3/1p3Q2/4R1rk/p7/q5Pb/2P5/1P6/8 w - - 1 51,3118,triangleMate,True,False,False,
662,Qnkr3r/2p1p1bp/1ppq1pp1/2N5/5P1B/3b3P/PB4P1/R4RK1 w - - 4 26,2873,queensideAttack,True,True,False,middlegame mateIn1 mate oneMove
663,rn1qk2r/1b3pbp/p3p1p1/8/3PQ3/3p1N2/PP1B1PPP/R3R1K1 w kq - 2 19,2547,hangingPiece,True,False,False,
664,3q3k/1r4pp/8/p1P3N1/8/8/PP1p1PP1/1K1RR3 w - - 0 32,737,fork,True,False,True,
665,5r1k/2p4p/5qpb/1P2N3/5n2/1P5b/PBQ1BP1P/R3R2K b - - 0 29,2787,intermezzo,True,False,False,
666,6k1/q3rRp1/p1pbP2p/1p2p2P/4P3/PP3Q2/2P3P1/5R1K b - - 4 30,1774,equality,True,False,True,
667,2bqkb1r/p7/2pp3p/1B3pp1/4Bp2/8/PPP2PPP/R2QK2R w KQk - 0 13,1726,castling,True,False,False,
668,2k2r1r/pppqb3/2np3Q/1N3p2/2nP1B2/4P2P/PPP5/2KR2NR w - - 5 17,1038,trappedPiece,True,False,True,
669,1k6/pp3R2/8/7p/3P2pP/2Kn1pP1/P2r4/3R4 b - - 2 32,707,vukovicMate,True,False,False,
670,2kr3r/pp6/B4p2/8/4P1Pp/2P1b1B1/PP2N1P1/3R1R1K b - - 0 25,1521,discoveredAttack,True,False,False,
671,8/3r3k/p1nNp1pb/1pq1P3/2pr4/P5P1/1PQ3KP/1B1RR3 w - - 2 36,3051,mateIn2,True,False,False,
672,6k1/1q2b1pp/2p1pn2/2P1N3/P1RP1B2/rn3P2/6PP/1R4K1 w - - 3 25,2805,crushing,True,False,True,
673,3r2k1/4R1bp/2p3p1/2P1pb2/1P6/2P3P1/1r2RP1P/6K1 w - - 0 33,685,superGM,True,False,False,
674,r3r1k1/2q2pp1/2pb1n2/1pP2Np1/3P2P1/pP1Q3R/P3N3/1K5R w - - 0 27,1975,blindSwineMate,True,False,False,
675,8/8/8/p1K2pk1/PP1p4/3Pp3/2P5/8 b - - 2 49,3230,bishopEndgame,True,False,False,
676,6k1/5bpp/8/8/4p3/3rK1P1/q1Q1N2P/8 w - - 7 40,791,veryLong,True,False,False,
677,4r1k1/1p3pp1/3R3p/4B3/4P3/4Q3/5q2/2K1R3 b - - 3 32,1482,xRayAttack,True,False,False,
678,2kr3r/Rp1n1pQp/2p1p3/1q1n4/3P4/1P2BPN1/P4P1P/2R1K3 b - - 0 20,1760,cornerMate,True,False,False,
679,2q1k1n1/p4p1r/4p2p/3p4/3N4/4B3/Pr3PPP/2R3K1 w - - 0 18,1162,short,True,False,False,
680,r4r2/1p2Npk1/4p2p/P2pn1p1/2q5/R1Q5/5PPP/6K1 w - - 4 35,1799,mateIn3,True,False,False,
681,2rq4/pp3k1P/6p1/1b1Pnp2/1BP3p1/4p3/PP3P1P/R2Q1BKR b - - 0 24,2951,sacrifice,True,False,False,
682,4r1k1/p2q2pp/5b2/2p2P1B/PpPp4/4rQ2/P5PP/4R2K w - - 1 32,1479,xRayAttack,True,False,False,
683,2r1k3/1p2pp1p/2qp2p1/p7/Pb2P1P1/1KPR1P1P/2Q5/7R b - - 4 20,1441,sacrifice,True,False,False,
684,3r2r1/3Q4/p5kq/8/8/2B2P2/PP3P1P/6K1 w - - 10 28,1360,skewer,True,False,True,
685,rn1r3k/ppp3pp/8/5p2/2B3b1/4BN2/PP4PP/R6K w - - 0 17,582,doubleBishopMate,True,False,False,
686,8/8/3p4/3Pk1pp/2P1p1P1/4Kp1P/5P2/8 w - - 1 45,2431,zugzwang,True,False,False,
687,4bQ2/5R2/3pPR1p/r1pP2k1/1p2q1P1/1P6/8/5K2 b - - 2 45,2592,balestraMate,True,False,False,
688,r4b1r/1b2n1p1/ppn4p/3Bq3/2P3pN/6P1/PP1B3P/2KR3R w kq - 0 19,1080,equality,False,,,
689,r1q1r1k1/p1p2ppB/1p5p/8/2PP2b1/1P2pNP1/PBQ1K1KP/3R4 b - - 3 23,3267,clearance,True,,,
690,8/4n3/8/P1pk2K1/8/1P4P1/8/8 b - - 2 40,2225,knightEndgame,True,False,False,
691,r6k/pppnqppp/3p1b2/3Pp3/2B5/2PP2P1/PP3PP1/1K1Q3R w - - 2 17,1703,trappedPiece,True,False,False,
692,r4rk1/q4p1p/2pN1bp1/pp2p3/2PnPP2/P4N2/1PP3PP/1R1Q1RK1 b - - 0 19,2524,doubleCheck,True,False,False,
693,4b1k1/5p1N/4p1p1/3pP3/1p1P1P2/1P1K4/r1r2P1R/7R b - - 1 34,1172,blindSwineMate,True,False,False,
694,r3k2r/pp3pbq/2pp1np1/4pPP1/2P5/6P1/PP3PB1/RNBQ1RK1 b kq - 2 16,302,underPromotion,True,True,False,middlegame mateIn1 mate oneMove
695,br3r1k/p1R1R2p/1p4pN/5p2/5b2/7P/PP3PP1/6K1 w - - 4 27,667,vukovicMate,True,True,False,middlegame mateIn1 mate oneMove
696,3r1k2/pp4Rp/5K2/7p/2p4P/8/P7/8 w - - 0 44,843,rookEndgame,True,False,True,
697,6r1/pb1k1p2/1bp1pQ2/7p/2BP4/8/PP2RPPP/6K1 w - - 4 28,1929,middlegame,True,False,True,
698,r1bk2nr/pppp1ppp/8/2qN4/4Q3/8/PPP2bPP/R1B1R2K w - - 6 14,3127,opening,True,False,False,
699,6r1/4kp2/4pk2/q1Pp4/P2P3p/3BPn2/5P1P/R1Q4K b - - 1 34,862,arabianMate,True,,,
700,8/1r6/2k5/P2p4/3PpbPp/3nB2P/4K3/1R6 w - - 0 44,3124,deflection,True,False,False,
701,6k1/pp3pp1/5b2/3p1Pq1/3P2PQ/6P1/8/4B1K1 w - - 1 33,795,advantage,True,False,False,
702,1k3b1r/p4ppp/5q2/3B1p2/8/2p1n2P/P4PP1/4R1K1 w - - 0 26,1902,mateIn1,True,False,True,
703,rn1qk2r/pp3p1n/3B3p/1P2b3/2B2p2/2N5/P1P3PP/R4R1K w kq - 0 16,1529,doubleBishopMate,True,False,False,
704,r1bq1r1k/pp1n2b1/3p1Ppp/5pB1/3p4/1Q4P1/PP2RPBP/R4NK1 w - - 0 18,998,advancedPawn,True,False,False,
705,1n6/3r1pPp/p3pQ2/7k/8/P2pR3/3q2P1/6K1 w - - 5 36,3077,superGM,True,False,False,
706,8/p7/4p1pp/4k3/6PP/3K1P2/P7/8 b - - 1 35,2513,pawnEndgame,True,False,False,
707,4k2r/r1qn2pp/p4p2/2pPp1B1/1pPbR3/1P3Q1P/P4PP1/4R1K1 w k - 0 19,421,doubleCheck,True,False,True,
708,r2qr1k1/6P1/p3bn1Q/1pp1p1p1/4P3/2P4P/P5P1/5RK1 w - - 0 33,1731,underPromotion,True,False,False,
709,8/8/3k4/p2b1pp1/Pp1K1P2/3B2PP/2P5/8 b - - 0 34,1793,bishopEndgame,True,False,False,
710,1k2r3/ppp5/5pp1/2P1b1Pn/4P1K1/4B3/P2Q1P2/7R b - - 0 31,1058,doubleCheck,True,False,False,
711,4knr1/1b1R1p2/1qp1pQp1/4PpP1/1p1P4/5B1P/4R1PK/8 b - - 0 27,3227,mateIn3,True,False,False,
712,Q7/1p1k1p2/1bbpq3/r7/2B2P2/2N5/1B4PP/5R1K b - - 2 27,1054,sacrifice,True,False,True,
713,7k/6p1/1p3qBb/p7/P1Pp4/BP1Pp2b/4Q3/6K1 w - - 0 35,2333,clearance,True,False,False,
714,rnbq1r1k/pp4p1/2p4p/3p4/3P4/3B4/PPPN1RPP/5RK1 w - - 0 17,562,fork,True,True,False,middlegame mateIn2 mate fork short
715,rn3k1r/pp1n1q1p/4R3/2bQp3/8/2P5/P5PP/R1B4K w - - 1 18,746,triangleMate,True,False,False,
716,6k1/2p2pp1/p7/4p3/P3PnNp/r1P1b3/1RB3PP/5K2 w - - 0 31,1270,endgame,True,False,False,
717,r2r2b1/1Q5k/1p2q1pp/1NpBn3/6P1/P3RP1P/1P6/3R2K1 b - - 0 37,2348,smotheredMate,True,False,True,
718,4r1k1/5p1p/p4p2/2pP3b/2P2q2/2B2P2/PPQ3P1/2R3K1 b - - 7 31,2270,killBoxMate,True,False,True,
719,6r1/8/6P1/1p2kPK1/6P1/1r6/3p4/3R4 w - - 1 50,1173,mateIn4,True,False,False,
720,2q3Bk/4R1p1/1b1P3p/pP6/5p2/3Q3b/3R1P2/1K6 b - - 0 41,440,pin,True,False,False,
721,8/8/8/8/4Pp2/2pkbK1P/8/5R2 b - - 5 55,3279,short,True,False,False,
722,2Q3k1/3p2pp/4pr1r/1PPb1p1q/P3p3/4P1P1/5PN1/R2R1RK1 b - - 6 26,3199,balestraMate,True,True,False,middlegame advantage defensiveMove long
723,8/5qp1/bk6/1n2pPP1/1pP1P3/1P1Q1B2/3N4/1K6 b - - 2 48,2288,veryLong,True,False,False,
724,8/8/3R1kPp/2pP3P/p1P1K3/P7/3p4/8 b - - 0 54,1869,promotion,True,False,False,
725,4q2k/2p1b2p/2p2p2/p2pPP2/5B2/3P3R/P3r2P/6RK w - - 1 30,2927,pin,True,False,False,
726,4r1k1/2q2p2/3B2p1/3P3p/p6P/P5K1/3P4/8 w - - 0 41,2715,long,True,False,False,
727,2R1r1k1/1q3ppp/8/8/8/5P2/p4P1P/2R3K1 w - - 0 41,894,queenRookEndgame,True,True,False,endgame mateIn1 mate backRankMate hangingPiece queenRookEndgame oneMove
728,q2r2k1/1R5p/pR4pB/P4p1n/2r5/6P1/5K1Q/8 w - - 0 39,2461,intermezzo,True,False,True,
729,r1bq1b1r/pp1nk1p1/2p1pp1p/7Q/3Pp3/4N3/PPP2PPP/R1B1KB1R w KQ - 2 10,537,opening,True,False,False,
730,6r1/pp5k/2p1qnr1/3p1p2/3P1R2/1P1QP2P/P3B2K/5R2 b - - 3 30,1462,killBoxMate,True,False,False,
731,6k1/5ppp/pb3n1P/1p1P1B2/5Nq1/4r3/PP3PP1/1K5R w - - 0 29,685,mateIn3,True,False,False,
732,8/4k1p1/2p1P2p/p1PpKP2/P3p2P/4P3/8/8 b - - 2 43,1102,pawnEndgame,True,True,False,endgame advantage quietMove pawnEndgame short
733,3r4/ppR2B1p/3q2pk/8/4pp2/2Q3Pb/PP3P1P/6K1 w - - 2 29,2269,xRayAttack,True,False,False,
734,6k1/1p4p1/pbpn3p/4Pr2/3p3R/2N4P/PP2Q1P1/5R1K b - - 0 33,549,kingsideAttack,True,False,True,
735,1bk4r/1p2np2/PPp1p3/p1P5/8/4B1p1/4QPPP/q2B2K1 w - - 0 27,2437,sacrifice,True,False,False,
736,5r2/ppQ3pk/2p2r1p/8/3P4/2P2R2/PP4PP/3q1RK1 b - - 0 31,2257,backRankMate,True,False,False,
737,1r5r/pp1n1pk1/2p1pnp1/6B1/3PB1b1/P1P5/1P4PQ/5RK1 w - - 5 22,1950,sacrifice,True,False,True,
738,rn3r2/pp4kk/2pQ3b/4p3/6q1/P1N3p1/BPP2PPP/R3K2R w KQ - 0 20,917,dovetailMate,True,,,
739,4bk2/ppq2p2/4p3/3pP3/1b1N1PP1/1PK1B3/r1N5/7R w - - 3 28,1879,middlegame,True,False,False,
740,2r5/p3q1kp/bp4p1/2pRPQ2/8/2P1P3/PP5P/3R2K1 b - - 0 25,1796,endgame,True,False,False,
741,3r4/8/p4k1p/2p1p1p1/R7/1P1rNP2/1P2KP1P/8 w - - 0 30,2277,masterVsMaster,True,False,False,
742,4q2k/4r1p1/p3B2p/5R2/1P1b4/8/P4QPP/6K1 w - - 0 43,506,equality,True,False,False,
743,6rk/pp3bpp/2n5/6N1/8/1B6/PP1q1PPP/R5K1 w - - 0 25,374,smotheredMate,True,True,False,middlegame mateIn1 mate smotheredMate hangingPiece oneMove
744,1r1q1rk1/2p2ppp/b1p1p3/p7/3PN2b/2PQ1NRn/PP3P1P/R1B1K3 w Q - 2 16,1544,discoveredAttack,True,False,False,
745,3r2k1/5pp1/4pq1p/2Qbr3/B4P2/2P3P1/PP1R3P/2K5 w - - 1 30,1344,equality,True,False,False,
746,1b1qb3/pp2n2k/2pR3p/2Pp1r2/1P1P4/P6P/2Q1R1P1/6K1 w - - 2 28,829,triangleMate,True,False,False,
747,5rk1/4R3/1q6/8/2P2p1P/p2Q1Pp1/P1P2bP1/2KB4 b - - 2 41,2969,deflection,True,False,True,
748,1r2k1r1/5nB1/2p1b2p/p1q4P/P1P3p1/1P1Q4/2K1NP2/2BR3R b - - 1 29,1556,crushing,True,False,False,
749,8/5R2/6pp/p4k2/Pr3P1P/6K1/8/8 w - - 3 47,778,rookEndgame,False,,,
750,8/pb2r1kp/1p2P1p1/2p2q2/2B4P/4Q1P1/PP3P2/4R1K1 b - - 0 27,2166,trappedPiece,True,False,True,
751,3r4/4kp1p/p3q1p1/4n3/1P1r4/6QP/5PP1/2R1RK2 w - - 6 34,1839,triangleMate,True,True,False,middlegame advantage pin long
752,r3qr1k/pp5p/1bpR1pnp/8/4P3/NBP2Q1P/PP3PP1/R5K1 w - - 2 20,1197,middlegame,True,False,False,
753,r5k1/1qp2r2/2R4p/1P2Q2P/P4p2/4bR2/6K1/3B4 b - - 2 52,3148,fork,True,False,True,
754,8/1p6/6k1/8/3p1rp1/6Kp/6P1/6R1 w - - 0 48,2876,zugzwang,True,False,False,
755,r3k2r/pp3ppp/2p2B2/Q1b1N3/4q3/3B4/PPP2PPP/2KR3R b kq - 2 14,1532,castling,True,False,False,
756,2k5/ppp3pp/3q4/6r1/4P1p1/1P1P4/P1P1QPP1/R4RK1 b - - 7 21,2993,enPassant,True,False,True,
757,rnb1q3/ppQ3k1/6p1/8/2pb4/8/P1P3PP/1R3RK1 w - - 2 22,2431,attraction,False,,,
758,8/5k2/3Pp2p/7P/4Kp1r/8/8/8 w - - 2 43,3085,mateIn1,True,False,True,
759,8/p7/5p1p/BK3PkP/2P1p1P1/4b3/8/8 w - - 0 54,2253,bishopEndgame,True,False,False,
760,r6k/6p1/2p3PQ/pp2q2P/3p4/8/PPP4r/1K1R2R1 b - - 0 29,2300,mateIn4,True,False,False,
761,4r3/2R4P/5k2/8/p4p2/6K1/5PP1/8 w - - 0 60,1357,promotion,True,False,False,
762,8/2bq2p1/p3kpQ1/2pp3P/P3P2R/2P2p2/5P2/4K3 b - - 0 78,3034,superGM,True,False,False,
763,3k4/2Rn3R/p3p3/8/1PK1Qr2/2P5/8/8 b - - 0 47,2625,pin,True,False,False,
764,6k1/4q3/4p1P1/3pPnN1/p2P4/2pQ4/5K2/8 w - - 1 43,3163,deflection,True,False,False,
765,2rq3k/pbpQ2pp/1p6/8/2P1P3/P4P2/6PP/b1BR1K2 w - - 0 19,1817,backRankMate,True,True,False,middlegame mateIn2 mate backRankMate short
766,3r1kN1/5p2/p4Pp1/2pbp1b1/1p2P3/2NP4/1qPQ4/2R2R1K w - - 0 28,2362,killBoxMate,True,False,False,
767,8/5p2/2p1pk2/2P5/2KQ4/P1P2P2/8/1q6 b - - 1 40,2185,queenEndgame,True,False,True,
768,r3N1k1/5pbp/2qP4/2Pbn1p1/pQ6/7P/1P3PP1/1BRR2K1 b - - 0 29,1823,oneMove,True,False,False,
769,1r3b1k/8/5Npp/p2BqP2/2p3P1/P3Q2P/2r1P3/1R5K w - - 6 40,1031,arabianMate,True,False,False,
770,6R1/1p6/1k4p1/6P1/8/p7/1r6/5K2 w - - 0 41,489,rookEndgame,True,False,False,
771,8/P2p1knK/1p3p2/5P2/8/2p5/8/8 w - - 0 53,2153,knightEndgame,True,False,False,
772,5r1k/1QR3b1/p2pq1r1/P3p3/3PP1p1/2P3B1/1P4P1/R5K1 b - - 3 28,2732,underPromotion,True,False,False,
773,rn4kr/ppp1q2p/4p2p/4Q3/2B5/8/PPP3PP/R4RK1 b - - 0 17,1051,mateIn3,True,False,True,
774,8/2pq1pkp/2p2p2/Q7/P3N3/3b1B1P/5PP1/3R2K1 b - - 4 26,2906,doubleBishopMate,True,False,False,
775,8/2k2p2/3n2p1/3PK3/6P1/4N3/8/8 b - - 0 52,779,knightEndgame,True,False,False,
776,6k1/p3p2p/4R1p1/q7/8/Q7/K1b5/4R3 b - - 0 42,2531,crushing,True,False,True,
777,2kr4/7p/4R3/5R2/p5p1/P1P5/1P3PPP/K7 b - - 0 30,587,rookEndgame,True,False,True,
778,4r1k1/p5P1/3rp1nB/7n/q4p1P/1pQ2N2/1PP2P2/2KR2R1 w - - 1 25,2218,mateIn1,True,False,False,
779,5k2/2N2n1p/8/2P1p1p1/4P2q/5PR1/1P5r/R1B1KQ2 b Q - 0 26,2653,attackingF2F7,True,False,True,
780,2R2r1k/p5p1/1p5p/5p2/8/P1P1PQ2/1q1r1PPP/5RK1 b - - 2 26,3258,anastasiaMate,True,False,False,
781,8/4k1p1/p1p1bn1p/1pP1p3/1P2P2P/1BK3P1/P1N5/8 b - - 1 30,1933,masterVsMaster,True,False,False,
782,2kr1b1r/ppp2ppp/8/8/4P3/1Q3P2/1PK2PqP/3R3R w - - 0 18,1421,master,True,False,False,
783,r1b1kb1r/p2npppp/5n2/1q1N4/Q2P4/8/PP1B1PPP/R3K1NR w KQkq - 0 10,1929,opening,True,False,False,
784,r3kb1r/pp2q1pp/2p5/8/5Q2/8/PPP2PPP/R1B1R1K1 b kq - 0 16,417,castling,True,True,False,middlegame mateIn1 mate hangingPiece kingsideAttack oneMove
785,1k5r/p1p3b1/Bq1r4/3P4/2P3Pp/4pR2/PP2Q1P1/5RK1 b - - 8 27,3251,short,True,False,False,
786,1k6/3b4/6P1/1pB5/1Pp4R/2r1p3/5PK1/8 w - - 0 44,1990,advancedPawn,True,False,False,
787,r5k1/1p3ppp/p6q/2pp4/5Q1b/1PP5/PB1P2P1/1R3R1K b - - 5 22,941,discoveredAttack,True,False,False,
788,4Q3/1p1rb2k/p5p1/P7/4P1q1/1NR5/6PP/4r1RK b - - 4 41,2764,oneMove,True,False,False,
789,8/8/2Q5/1PK5/P1Np4/8/2kb4/5q2 b - - 6 62,1928,dovetailMate,True,False,True,
790,8/3k2p1/1R2p2p/1P2Kp2/8/5P2/8/8 b - - 0 42,2811,mateIn3,True,False,True,
791,R7/5pkp/6p1/8/R1K2P2/p5P1/r1n4P/8 b - - 2 34,873,vukovicMate,True,False,False,
792,8/1K6/6p1/4Pk1p/2R2P2/8/8/8 b - - 0 52,1195,promotion,True,False,False,
793,8/5p1k/6p1/1p1p3p/p2PqP1Q/4RN1P/Prr2P2/K5RK b - - 12 53,2515,mateIn5,True,,,
794,6k1/6p1/p2q1p1p/1p2p3/1PPr4/2R1Q1P1/P4P1P/6K1 b - - 3 26,2533,skewer,True,False,False,
795,5rk1/1p1r3p/1pn3p1/3NP1b1/1P1p4/P2P2K1/2q3PP/1RB1R3 w - - 0 24,2905,mateIn4,True,False,False,
796,5r1k/p5p1/7p/2p2r2/2P1Q3/8/6PP/2R3KR b - - 0 29,788,queenRookEndgame,True,False,True,
797,r2q1r1k/ppp2ppp/2np1b2/8/1PP3N1/4P3/PB1P1PPP/R3K2R w KQ - 0 15,465,intermezzo,True,False,False,
798,r2qk2r/p4pp1/2pb1n2/3pp3/5Pp1/1P2P3/PBPRB1PK/RN1Q4 b kq - 0 14,2623,dovetailMate,False,,,
799,4K3/1R1P1pk1/1p1r2p1/2p3b1/7p/1B6/PP4PP/8 b - - 1 41,359,long,True,False,False,
800,4r1k1/p4ppp/2p5/1p1r2n1/8/BP1B3P/P1P2P2/4R2K w - - 0 24,454,dovetailMate,True,True,False,endgame mateIn1 mate hangingPiece oneMove
801,3brrk1/3b2pp/p3p3/2q4q/1n6/2N3Q1/1B1P2P1/1BKRR3 w - - 0 30,3000,superGM,True,False,False,
802,r1r2k2/5Pp1/1p6/2P1Q3/4N3/3P4/p4K2/Rq5R b - - 2 38,3086,xRayAttack,True,False,True,
803,r3k3/p4p1p/2p5/3q4/4p3/2N1P2b/PPQP1P1P/R1B1R1K1 b q - 7 15,650,clearance,True,False,False,
804,4r1k1/1b4p1/4p1Np/2Q2q2/8/Pp6/1b2RPPP/3R2K1 b - - 0 29,3271,dovetailMate,True,False,False,
805,2r2n2/ppr3pp/1q2p1k1/3pP3/8/3R1N2/1P2QPPP/5RK1 w - - 4 23,1180,long,True,False,False,
806,r1b1k2r/3p2p1/p1p1p3/N1b1q1Np/Q1p5/5Rp1/PPP5/R1B4K b kq - 0 23,302,castling,True,False,True,
807,2r2r2/p3bp2/3p1nk1/1p1Np1Np/5p1P/8/1P1B2P1/R4K2 w - - 5 27,2144,short,True,False,False,
808,2k2r2/p2r2b1/2q1p3/1p2P1p1/3P2P1/P3B2P/1P4P1/2N2RK1 w - - 0 31,301,balestraMate,True,False,True,
809,8/8/6N1/8/8/5pk1/3K4/5b2 b - - 0 152,3018,hangingPiece,True,False,False,
810,4r3/pp2q1k1/5rp1/3B3p/8/P1Q5/1P4P1/3RR2K b - - 0 31,1057,equality,True,False,True,
811,8/8/1k6/1PpK1p1p/7P/5Pp1/6P1/8 b - - 6 55,2306,defensiveMove,True,False,False,
812,4Q3/2b2ppk/pq6/1p2NP2/7P/2P1R3/P2r1PK1/8 b - - 4 33,2991,capturingDefender,True,False,False,
813,8/5p2/k5p1/P6p/1P1p1PP1/3K3P/8/8 b - - 1 42,1773,pawnEndgame,True,False,True,
814,B4rk1/2bn1ppp/3b4/8/pN1P3q/7P/PPP2PP1/R2QR1K1 b - - 0 19,2059,equality,True,False,False,
815,r4Rk1/pp2b1p1/2B1p2p/2p1P3/2N5/1P5n/PBQ3PP/6RK b - - 0 24,879,smotheredMate,True,False,False,
816,2R5/3p4/1p6/1Pk1pPb1/4K3/1P1P4/8/8 b - - 3 44,948,zugzwang,True,False,False,
817,r3k1nr/p1p2pp1/1p2p1P1/n6p/7P/B1PB1b2/P7/2KR3R w kq - 0 17,1209,bodenMate,True,False,False,
818,3Q4/q4pkp/4p1p1/1B1p4/4n3/7P/N1P1N3/2K5 b - - 7 33,2415,veryLong,True,False,False,
819,1r1r2k1/6pb/p3q2p/1p1p4/6B1/2P3PP/PP3Q1K/R4R2 w - - 0 25,852,middlegame,True,False,False,
820,rnbq4/pp3Qp1/2p1p3/k7/3PP3/6P1/PPP4r/R3KB2 w Q - 1 19,2890,short,True,False,True,
821,8/1b3p1p/4k1p1/1P2p3/4P3/1PK5/3R1n1P/8 w - - 0 40,970,hookMate,True,False,False,
822,4r2k/2p5/pp2p3/4P3/1P6/8/P7/1R4K1 w - - 0 31,2018,quietMove,True,False,False,
823,r4r1k/6pp/p6p/Pp1n1R2/2pPN3/4P2P/1P5K/5R2 w - - 0 33,703,backRankMate,True,True,False,endgame mateIn2 mate backRankMate short
824,4q1k1/pp5p/1bn3p1/3p2N1/3P1B2/P1PQ3P/1P4P1/6K1 b - - 1 23,2605,mateIn3,True,False,True,
825,1QK4Q/8/k7/8/6P1/8/1q6/q7 w - - 0 56,1751,queenEndgame,True,False,False,
826,8/pp4k1/3bp3/5pp1/P4n2/1P3P2/3R2Pr/3R1K1B b - - 3 40,1673,doubleBishopMate,True,False,True,
827,r1b1k2r/p5pp/2p5/5p2/1Q1q2P1/1BN2p2/PPP2PPP/3R1RK1 b kq - 2 18,2434,castling,True,False,False,
828,6k1/8/p7/2p5/PNP2pP1/1P4rP/1P1Q1K2/q7 b - - 0 48,3285,hookMate,True,False,False,
829,2r3k1/4p1bR/p1P1N1P1/B4p2/Pp3P2/4pK2/3r4/2R5 b - - 1 36,1496,hookMate,True,False,True,
830,6k1/8/1pq1pQB1/p1p3Pp/3b3P/1P3R2/P5K1/5R2 b - - 0 46,2583,balestraMate,True,False,False,
831,5rk1/pb3p1p/1p2pp2/8/1Q1B4/5PP1/PPr4P/5RK1 b - - 0 23,1045,arabianMate,True,False,False,
832,2R5/8/3Q1p1q/p2Pp1k1/Pp2P1P1/1P3P1r/5K1p/7R b - - 3 55,2089,mateIn3,True,False,False,
833,6k1/1b3pbp/8/5PQ1/8/3r1N1P/1q2N1P1/R6K w - - 4 32,1078,crushing,True,False,False,
834,rn1k2nB/pp6/2ppb2p/2bq4/4P1B1/P2P4/1PPQ2PP/2KR2NR b - - 0 17,1856,mateIn1,True,False,False,
835,3r2k1/p4ppp/R1p5/Q3P3/5BPb/2N5/5r1P/K6R b - - 5 22,618,mate,True,False,False,
836,r2k1N2/pp2p1Bp/6p1/8/1nP5/1Q1q1P1B/P4K2/2b4R b - - 0 27,2605,advantage,True,False,False,
837,3kRr2/1p1q2p1/pNpp3r/7p/3Q1P2/3P2PP/PPP4K/4R3 b - - 0 33,1263,xRayAttack,True,False,False,
838,8/R7/P7/6pP/5p2/8/1r4k1/4K3 b - - 1 51,3088,rookEndgame,True,False,False,
839,r1qr2k1/pp1b1pbp/4p1p1/4N3/3n1B2/P1PP2P1/1P3PBP/R1Q1R1K1 b - - 0 15,1710,middlegame,True,False,False,
840,1rb2rk1/1p4bp/4R1p1/p2B4/1P3q2/PQ1p4/6PP/6K1 w - - 0 32,1688,doubleCheck,True,False,True,
841,8/6B1/2k5/5p2/P1P1r1p1/1PN4p/7K/8 b - - 1 46,2574,enPassant,True,False,False,
842,rnb2rk1/p3npbp/1p4p1/2p5/1q1B2Q1/1NNP4/PPP3PP/2KR1B1R w - - 3 13,2523,opening,True,False,False,
843,4r3/1pQ4p/p1bBpq2/1p4pk/8/5R2/5PPP/6K1 w - - 3 31,3217,anastasiaMate,True,False,True,
844,8/8/3k1p2/p2rp1p1/P1RP3p/2K2P2/6PP/8 b - - 0 38,1975,rookEndgame,True,False,False,
845,2R2rk1/1r4pp/8/3pN3/p2P4/1p6/6P1/4R1K1 w - - 1 34,1262,attraction,True,False,False,
846,r2r2k1/4bppp/p1p1p3/3pP3/P7/1Q2B3/2P1qPPP/3R1RK1 w - - 1 17,1404,trappedPiece,True,False,False,
847,5k2/1pBnq3/pP5p/P2Q4/3prP2/6P1/5K1P/4R3 b - - 4 36,3027,killBoxMate,True,False,True,
848,rn2r1k1/pp2p2p/1q1p2p1/8/4QB2/5N2/PbP2PP1/2KR3R w - - 0 18,2682,anastasiaMate,True,False,False,
849,2k4r/p1p3p1/2p2p2/3b4/3Q1P2/5N1r/PP6/R1B2RK1 b - - 0 25,1834,blindSwineMate,True,False,True,
850,8/6pk/6p1/p3q3/P2P2K1/8/1P6/8 w - - 0 45,3027,promotion,True,False,False,
851,5r1k/ppr3pp/4B3/8/4R3/P5P1/7P/1K3R2 b - - 0 27,1426,arabianMate,True,False,False,
852,6k1/p1N5/1p6/2p1p1p1/2P1P1Pp/Pn2PK1P/8/8 b - - 1 31,2481,knightEndgame,True,False,False,
853,7r/pR1n2k1/5ppq/2pp1B2/3P4/2P3Q1/P4P1P/6K1 b - - 0 35,797,fork,True,False,True,
854,1k2r2r/ppp3Q1/3b4/q3B3/8/PP6/2P2PPP/R3R1K1 b - - 0 24,3229,capturingDefender,True,False,False,
855,r3r1k1/pp4pp/3b3q/1P6/3Pp3/2B5/1PP1QRPP/5RK1 b - - 2 24,1200,kingsideAttack,True,False,False,
856,8/8/2p3p1/p1p1Pkp1/2P2P1p/1P3K2/8/8 w - - 1 41,537,knightEndgame,True,False,True,
857,8/5N2/2k1p3/2p5/5PP1/3b4/8/4K3 b - - 0 45,2909,short,True,False,False,
858,3R4/3P2k1/5p2/1p2pP1r/p3P1KP/2q3Q1/P7/8 b - - 3 52,2796,xRayAttack,True,False,True,
859,r3kbnr/ppp2ppp/2npP3/1N6/4PB2/5N1P/PPP5/R3K2R w KQkq - 3 14,1460,castling,True,False,False,
860,5r2/1p1k1p1Q/p7/8/4p3/2R5/PqK2PPP/8 b - - 13 34,2807,dovetailMate,False,,,
861,3R4/1b4k1/p4p2/1p4pp/3N4/1P2r2P/P5P1/4R1K1 b - - 1 31,2786,oneMove,True,False,False,
862,3r4/1p3rpk/p6p/2pq1pB1/P1n4Q/2P3RR/2P3PP/7K w - - 2 29,2489,crushing,True,False,False,
863,1k4r1/p6r/8/3QBN1q/1P1P4/2P3p1/P7/RN4K1 b - - 1 28,2554,bodenMate,True,False,False,
864,3r4/1p4pk/8/2Q1Ppq1/p2P4/P6P/1P3RPP/7K b - - 0 32,1397,dovetailMate,True,False,True,
865,q5k1/5pp1/2rNp2p/1Q1pP3/8/r5P1/5P1P/6K1 w - - 0 28,1406,oneMove,True,False,True,
866,2r2rk1/1b1nbppp/p3pn2/qp4B1/3PN3/P2Q1N2/1P2RPPP/1BR3K1 b - - 2 17,791,advantage,True,False,True,
867,7k/p5bp/2pr4/8/3Pp1p1/4Pp1q/P1R2P1P/3Q2RK b - - 1 30,1442,attraction,True,False,False,
868,r1bq1r1n/1p1nbpkp/p1p1p1p1/2PpP1P1/3P3Q/2NB2P1/PP3P2/R1B1R1K1 w - - 0 15,2286,opening,True,False,True,
869,r4Rk1/ppp4p/2np4/2b1p3/4P1bq/2NP1Q1B/PPP3PK/R1B5 b - - 2 16,2381,pin,True,False,False,
870,5rk1/1pb3p1/2p1P3/3n3p/3PBq2/P5rP/1B2QP2/5R1K w - - 1 33,2278,clearance,True,False,False,
871,8/7P/8/3b1p2/3k1K2/8/1p6/4R3 b - - 0 48,3034,vukovicMate,True,False,False,
872,5Q2/3k2N1/8/2K5/8/8/8/q7 b - - 0 65,721,master,True,True,False,endgame advantage skewer short
873,3rr1k1/pp3ppp/8/3q1p2/1P6/P3R1P1/5P1P/4R1K1 w - - 6 25,398,mateIn2,True,True,False,endgame mateIn2 mate backRankMate queenRookEndgame short
874,8/3b4/7R/8/4pN2/3k1p2/8/4K3 b - - 1 50,2285,exposedKing,True,False,False,
875,8/8/4k3/1pPp2PK/1P2nBP1/5p2/8/8 b - - 1 39,3232,mateIn1,True,False,False,
876,3q2r1/p4pk1/1p6/2p1b3/1PQ1P2p/P5P1/5P1P/R4RK1 b - - 0 21,3232,defensiveMove,True,False,False,
877,8/8/1p3kp1/4p3/4Pq1K/8/1P3QP1/8 w - - 0 45,3293,underPromotion,True,False,False,
878,2k2r2/1pqn2pp/p1P1pn2/1Q6/2P5/2N1B1P1/PP3P1P/2KR4 b - - 0 21,2282,queensideAttack,True,False,False,
879,8/4k3/1p6/pR1qpR1B/P1rb4/6P1/Q6K/8 b - - 0 44,818,equality,True,False,False,
880,8/8/2k3p1/4p3/1r6/2P5/2K4P/8 w - - 0 44,2652,intermezzo,True,False,False,
881,8/8/p7/K6p/1P2p1pP/6P1/3Bk3/8 b - - 2 54,741,long,True,False,False,
882,r1b2k1r/pp1n1ppp/2pq4/4b3/2B1P3/2N2Q2/PPP2PPP/R1B1K2R w KQ - 0 11,812,opening,True,True,False,opening mateIn1 mate oneMove
883,1k2r3/1pp2Q2/p2p2n1/8/8/P5P1/1PPK1P1q/4R3 w - - 0 26,2061,endgame,True,False,False,
884,r7/6pk/p6p/1PQ4q/P2pP3/3P3P/2PN4/R4n1K b - - 0 32,639,exposedKing,True,False,False,
885,r3r1k1/5ppp/p7/4b3/1pPP4/BP6/P4PPP/RN2R1K1 b - - 0 19,963,mateIn4,True,False,False,
886,2k3rr/5p2/PQ1b4/3p1q2/1P1P2p1/2P5/5PP1/4RRK1 w - - 2 32,3168,balestraMate,True,True,False,middlegame crushing fork pin short
887,rn1q2r1/pp2b3/3k4/3pp2Q/5P2/1P6/P1P3PP/1N3RK1 w - - 0 18,324,interference,True,False,False,
888,rR4k1/3n2pp/1pN1pp2/pP6/2r5/8/4K2P/5R2 w - - 4 43,764,anastasiaMate,False,,,
889,3b4/1p4pk/6rp/2P1N3/1n2Q3/3p3K/3B1q2/4R1R1 b - - 6 39,1596,hangingPiece,True,False,False,
890,3q1rk1/2QP2p1/R4pn1/7p/4p1P1/4B2b/P3B2P/6K1 w - - 5 32,2928,dovetailMate,True,False,False,
891,8/p3kp2/7N/2p5/5n2/2Pk1P2/P7/1K6 w - - 11 48,875,knightEndgame,True,,,
892,r2qkbnr/4pppp/p7/1bpPN3/Q2P1B2/4P3/PP3PPP/R3K2R w KQkq - 0 11,597,doubleCheck,True,False,False,
893,2r2rk1/p5pp/1pQ1p3/4PpN1/3P3q/4P3/P6P/2R4K w - - 1 27,1437,cornerMate,True,False,True,
894,r1bk1b1N/ppp3pp/8/8/2Bq4/8/PP1PQPPP/n1B2K1R b - - 2 12,546,castling,True,False,False,
895,8/1Q5p/4npk1/8/2q2B1P/p5P1/P4PK1/8 b - - 1 49,2346,anastasiaMate,True,False,False,
896,3r2k1/p3bpp1/1p1RP2p/8/4Q3/4BP2/PP3P1q/2R2K2 b - - 0 23,1702,veryLong,True,False,False,
897,r2q2k1/1p4pp/p1p4r/3N1p2/P1BPn3/8/2Q2PPP/1R3RK1 b - - 0 22,2943,crushing,True,False,False,
898,4k2r/ppp3p1/2PqPp2/PP1p3p/3P2n1/8/3NN1PP/R1Q2RK1 b k - 0 26,784,clearance,True,True,False,middlegame mateIn1 mate kingsideAttack oneMove
899,3r2k1/1p3p2/1b5q/p1P2Q2/P2P4/2KRr1p1/6B1/6R1 w - - 0 45,3134,sacrifice,True,False,True,
900,r1k5/p3p3/1pp1b2p/8/2PP4/4NRPP/4KQ2/7q w - - 2 28,3019,killBoxMate,True,True,False,endgame advantage short
901,4r1k1/2pb1ppp/1p1p3q/p2P4/2P2b2/P1Q2N1P/1BP2PP1/4R1K1 w - - 3 25,574,advantage,True,False,True,
902,3b4/5p1k/p4B1p/1p5R/6R1/5n1P/PP3r2/3K4 b - - 2 39,560,arabianMate,True,False,True,
903,2k3r1/2pbn3/1p1p4/1P2p2p/P3P2r/2N2R2/5PP1/1Q3RK1 b - - 0 41,1176,mateIn3,True,False,True,
904,2kr3r/pb4p1/1p2pq2/n1p4p/4P1nP/P1PP2P1/2QBBP1N/R3R1K1 b - - 2 18,1708,quietMove,True,False,False,
905,r1b1k2r/pN3ppp/1b3n2/1Pp1N3/8/8/PP3PPP/1K1R3R w kq - 0 19,974,attraction,True,False,False,
906,5k2/pp6/1qpp1N2/5P1p/2P2prp/1P5K/P3RP1P/4R3 w - - 0 27,1093,arabianMate,True,False,True,
907,1k4r1/ppp4p/4B2r/4Q1q1/8/2N5/PPP2PP1/3R1RK1 b - - 0 18,807,master,True,False,False,
908,6k1/p4p1p/P3p1p1/1PN1rn2/2Q2r1q/3R1P2/7P/3R2K1 w - - 0 34,3036,dovetailMate,True,False,False,
909,r3kbr1/1p1n4/p1p1b2p/3q4/3P1p1P/2N2N2/PPB2PP1/R2Q1RK1 b q - 1 19,3231,kingsideAttack,True,False,False,
910,2b1rR1k/p3q1p1/n1p4p/8/P2B4/2NP4/1PP2QPP/7K w - - 1 27,375,xRayAttack,False,,,
911,8/p3pp2/3k4/6p1/P1P5/3KPn2/3N4/8 w - - 7 42,840,knightEndgame,True,False,False,
912,3q1r1k/3bpQ1p/4Bb2/2pP4/1pP2p2/pP6/P3RBP1/5K2 w - - 6 38,1081,xRayAttack,True,False,False,
913,8/8/1pk3p1/8/8/2q1K2P/6P1/8 w - - 0 46,2686,defensiveMove,True,False,True,
914,8/5k1K/8/3pPN2/2r2p2/pRn2P2/6PP/8 b - - 0 51,2429,vukovicMate,True,False,False,
915,8/8/8/8/1p1r4/1Pk5/2P5/3K3Q b - - 3 66,2994,queenRookEndgame,False,,,
916,2b2rk1/6pp/p7/P4p1r/2NR2P1/2B1pP1n/1P5K/R7 b - - 4 37,1764,doubleCheck,True,False,False,
917,8/8/4P2k/1pb1P2p/pp2K1p1/2P1N1P1/PP4P1/8 b - - 0 41,2777,trappedPiece,True,False,True,
918,r2q1rk1/pp2n1pp/3b4/3npb2/3p4/3P1BBP/PPN2PPN/R2QR1K1 w - - 2 18,1815,opening,True,False,True,
919,2k3rr/ppp5/4p3/P7/3PNP2/6R1/P5p1/R1B1n1K1 b - - 0 26,1444,advantage,True,False,False,
920,8/7p/6p1/p2p1k2/3K4/1pP2P1P/1P4P1/8 b - - 3 35,3243,defensiveMove,True,False,False,
921,5r1k/p5p1/2b3qp/5P1n/P1Qpp3/1P3P1P/2N3PP/4RR1K b - - 0 33,1951,enPassant,True,False,True,
922,4r3/2pk4/p7/K3R2p/P1P1n1pP/1P4B1/2P5/8 b - - 0 47,2348,hookMate,True,False,False,
923,5rk1/1pp3pp/1p1p2r1/4n1q1/1PP1P3/P6P/2BQ1PP1/R4RK1 b - - 2 21,1398,enPassant,True,False,False,
924,8/3K4/8/4P1k1/2n5/2N5/1p6/8 w - - 0 56,1716,knightEndgame,True,False,False,
925,8/pp3R1p/2q4k/P3r1p1/3p2P1/8/2Q3P1/7K w - - 2 39,1090,triangleMate,True,True,False,endgame mateIn1 mate oneMove
926,r2N2k1/bpp3p1/2n4p/p7/4b3/2P1p2P/PP2Q1P1/R1K5 b - - 0 23,1500,discoveredAttack,True,False,False,
927,r3k2r/ppp2p1p/3p3b/8/2BP2Pq/2N1PQ2/PPP3P1/R3K2n w Qkq - 2 14,671,attackingF2F7,True,False,True,
928,1r3qk1/p1p5/1p1b1P2/4n1p1/3pQ2R/8/PPP3PP/R5K1 w - - 0 28,2053,mateIn2,True,False,False,
929,r2qr1k1/ppp2pb1/5np1/8/5N1Q/2BpPP2/PP6/R3K2R w KQ - 0 18,2263,long,True,False,False,
930,3r3r/ppk5/3q1p2/6pp/2p1P3/1Q3P1P/PP2R1P1/5N1K w - - 2 27,1926,interference,True,False,True,
931,1r2k1r1/5p1R/p7/2Np2b1/3Pb3/PQP1B3/1P1K2P1/5q2 w - - 0 30,2285,attackingF2F7,True,False,False,
932,r4rk1/pp2p1bp/6p1/n2NP1P1/3P2q1/P1N1B1P1/1P1Q3K/R3R3 b - - 0 23,2937,killBoxMate,True,False,True,
933,2r3k1/2r2pp1/p4b2/1p1p1P2/3P2P1/1PP1R3/1B4K1/1bN1R3 w - - 6 33,501,mateIn2,True,False,False,
934,1k1r1b1r/1pp3p1/p3P2p/3q4/6B1/4BQ1P/PP4P1/2R3K1 w - - 2 27,2098,queensideAttack,True,False,True,
935,1k1r1b1r/p1Rnnppp/8/3p4/qp3QP1/1N2BP2/P4K1P/7R w - - 5 23,1640,trappedPiece,True,False,True,
936,8/p5pp/1p3p2/1p2k3/1P2P1P1/P1P2K1P/8/8 w - - 1 35,2080,pawnEndgame,True,False,False,
937,r5k1/4rp1p/ppp4B/7p/1nP1p3/6P1/PP3R1K/K4R2 w - - 0 34,682,oneMove,True,,,
938,r3kb1r/p1pBqppp/8/4p3/Q7/2P2b2/PP3PPP/R1B1K2R b KQkq - 0 10,949,oneMove,True,False,False,
939,8/4kP2/1P2p2p/4P3/2p1pK2/2P1P3/8/5r2 w - - 0 44,2150,promotion,True,False,True,
940,r1b2rk1/pp4bp/3p2p1/3P1q2/2N1p2B/1QP5/PP4PP/RN3R1K b - - 0 17,346,short,True,True,False,middlegame mateIn1 mate hangingPiece kingsideAttack oneMove
941,3r2k1/1p3ppp/pq2p3/4P3/3rN1Q1/1P1R4/Pb3PPP/3R2K1 w - - 0 21,2761,kingsideAttack,True,False,False,
942,6r1/1p3p2/p4N2/4k2N/1P6/Pb2bP1P/6P1/5R1K b - - 0 36,2489,hookMate,True,False,False,
943,8/p7/3k1Kpp/1Pp5/P2p4/3P4/6P1/8 b - - 4 41,2920,zugzwang,True,False,False,
944,8/2b5/1p4k1/1P1P1p2/2K1pP2/4B3/8/8 w - - 1 50,2410,bishopEndgame,True,False,False,
945,2Q1k1r1/1p3p1p/3p4/3P4/b3PB2/P3q2P/1P2N1P1/3KRB1R b - - 0 27,1010,balestraMate,False,,,
946,r6k/1p2q1pp/p1np1r2/3Bp3/P3P3/8/1PP3PP/R2Q1RK1 b - - 1 15,2054,kingsideAttack,True,False,False,
947,3r4/P7/8/1KN5/P2k4/8/3p3P/8 b - - 0 45,2793,mate,True,False,True,
948,4Qrk1/ppq3pp/1np5/2b5/6P1/2N4P/PPP2P2/R1B1RK2 b - - 0 20,2158,pin,True,False,False,
949,5r2/ppp1R3/2kp4/3Nb1p1/4P3/7P/PP2R3/1K6 b - - 10 30,545,mateIn3,True,False,True,
950,4r3/p1p3k1/1p2p2p/1P1n4/P5q1/5NP1/1Q3PKP/4R3 b - - 1 27,1664,pin,True,False,False,
951,rn3rk1/6bp/2p2ppB/2Pqp3/pp1P4/5N2/1PBQ1PPP/2K1R2R b - - 1 21,3188,backRankMate,True,False,True,
952,4k2r/1Qp1bp2/p1Pp1p2/4p3/4P3/P1NP2Pq/1PP1N3/2KR4 b k - 0 19,1272,advantage,True,False,True,
953,4rR2/p2n2kr/1p1p3p/2pPp3/4P3/2P4P/PP6/5RK1 w - - 0 30,1526,mate,True,False,False,
954,1r1r3k/2p3pp/p2p1bn1/5p2/1P1PpN2/P3P2P/3N2P1/R3KR2 w Q - 0 25,814,smotheredMate,True,False,False,
955,1r2kr2/2p2p1p/Q1P5/6p1/p1N5/5K2/P1q3PP/4R3 w - - 2 28,2975,killBoxMate,False,,,
956,r1b1kb1r/pp3p1p/2pB4/4p2n/2B1q3/1P5N/P1PK2PP/R2Q3R w kq - 0 13,2815,bodenMate,True,False,False,
957,r4b2/1b3kpp/1q2Nn2/p4Q2/1P2pN2/P3P3/6PP/3R2K1 w - - 5 29,2920,attraction,True,False,False,
958,3k4/3p1p2/2b2p1P/2q5/P1Q5/N1p3P1/2P1RP2/6K1 b - - 0 36,2002,intermezzo,True,False,False,
959,r1b3nR/1pq2pk1/p2p4/3Pp1p1/2P1B1P1/2N2P2/PP5Q/2K5 w - - 2 25,659,triangleMate,True,False,False,
960,8/8/6pp/2p1Pk2/1p1p1P1P/pP3K2/P7/3B1b2 w - - 8 45,2368,quietMove,True,False,True,
961,r1r3k1/pp3ppp/4p3/3pP3/1q1P4/2N5/PPQ1R1PP/2K1R3 b - - 2 19,2073,queensideAttack,True,False,False,
962,rnb1kb1r/pp2pppp/5q2/2pP2B1/1nP5/3B4/PP1N1PPP/R2QK1NR b KQkq - 2 7,1209,opening,True,False,False,
963,2k2r2/1pp5/5q2/8/8/4PnR1/PPP2P2/2KR3Q b - - 1 30,2753,equality,True,False,False,
964,4r3/p4p2/2p2k2/2p3N1/3p4/3P2RB/PPP4r/3K4 w - - 3 37,1203,vukovicMate,True,False,False,
965,r3kb1r/pp3p1p/5p2/2p1pN2/1PP1q3/P3P3/3Q2PP/3RK2R w Kkq - 0 18,680,balestraMate,True,True,False,middlegame mateIn1 mate oneMove
966,r3q1k1/p1p3bp/3p4/2pPp1B1/2P1P2n/P1N2r2/1P2Q2P/R4KR1 w - - 0 21,2850,triangleMate,True,False,False,
967,7R/Qp2kp2/p1Rp4/4P3/KPqp4/8/P2b2r1/8 b - - 4 35,3061,attackingF2F7,True,False,False,
968,r3kb1r/p3pppp/8/1N2P1q1/2n5/8/2P2PPP/3R2K1 w kq - 0 17,920,cornerMate,True,True,False,middlegame mateIn1 mate oneMove
969,8/5pp1/1k2p2p/2p1P3/1PK3PP/p7/P4P2/8 w - - 1 39,2925,pawnEndgame,True,False,False,
970,2kr2nr/ppp2pp1/1b1p4/3N2q1/3BP1p1/3P2PP/PPP1QP2/R4RK1 b - - 0 14,784,mateIn4,True,False,False,
971,6k1/4R1b1/pr1p4/N1pPn3/2r5/1P4K1/P7/7R w - - 0 34,1775,intermezzo,True,False,False,
972,6k1/5p2/8/1p1p2qp/p7/2P5/PP5P/K3R3 w - - 0 35,2148,capturingDefender,True,False,True,
973,8/8/6Kp/1p4p1/4k3/1P3pP1/1P4PP/8 b - - 2 33,1307,promotion,True,False,False,
974,8/1p2kp2/pB6/2PK4/P4pp1/8/7P/8 b - - 0 39,677,bishopEndgame,True,False,False,
975,8/2R4p/2r3p1/pp1k4/8/1P1K3P/1P4P1/8 w - - 2 34,1089,veryLong,True,False,False,
976,8/2kr2p1/2p5/3p4/3PnKP1/8/1R6/8 w - - 2 52,2929,mateIn5,True,False,True,
977,8/R4qpk/8/1Pp4p/P1b1p2P/3pNrP1/3Q1PK1/8 b - - 3 37,3047,sacrifice,True,False,False,
978,6k1/1p3ppp/p3p3/3q4/Qp1P4/4P3/P4PPP/1r3BK1 w - - 3 23,778,clearance,True,True,False,endgame mateIn1 mate oneMove
979,8/2p3pk/p6p/1p4b1/4q3/4NbQ1/PP6/2B2RK1 b - - 11 35,2348,underPromotion,True,False,False,
980,5rk1/1p3pp1/p6p/3pq3/1P6/P1rQP3/6PP/1B3RK1 w - - 4 29,1496,clearance,True,True,False,endgame mateIn1 mate oneMove
981,8/5P2/P1q5/3R4/3p4/6k1/4K2p/3R4 w - - 1 55,2325,queenRookEndgame,True,False,False,
982,r1b2q1k/2p1n2B/p1np3p/1p2p2N/4P3/3P2Q1/PPP3PP/6K1 w - - 0 17,1015,enPassant,True,False,True,
983,4r1k1/1p1b2p1/1p5p/3q3N/1P4P1/P2P2Q1/3K3P/5R2 b - - 6 41,2098,crushing,True,False,False,
984,8/2p1p1bk/p3p1pp/1pNqP3/3PQ1P1/1P3rB1/P7/2R3K1 b - - 1 33,1373,triangleMate,True,False,False,
985,2k1r3/pbpp1p2/1p4pp/3P1n2/1NP5/5Q1P/PP1R1PPB/4R1K1 b - - 0 20,581,enPassant,True,True,False,middlegame mateIn1 mate backRankMate hangingPiece oneMove
986,8/1b3pkp/p3p1P1/8/4qN2/6Q1/P5PK/8 w - - 3 38,2647,doubleBishopMate,True,False,False,
987,6k1/2p1r2p/1pnp1Pp1/p5Q1/P1PP4/4P3/P2R1RP1/2q2K2 b - - 0 29,2380,oneMove,False,,,
988,3r3k/5R1p/p2P3q/4pP2/1p2br2/4N3/4Q1PP/6K1 w - - 1 38,3058,masterVsMaster,True,False,True,
989,7k/2q1p2p/2ppB1p1/6B1/3bP3/2QP3P/1rP3P1/7K w - - 4 24,2339,long,True,True,False,endgame mateIn1 mate hangingPiece oneMove
990,8/p2b3k/2p5/2qn1p2/3R4/2P3Q1/P4PPP/6K1 w - - 7 29,3218,triangleMate,True,False,False,
991,r3q1k1/pb1p1ppp/1p6/n3P3/3N4/1P1P2P1/PBQ2P2/R4RK1 b - - 2 24,3297,xRayAttack,True,False,False,
992,6k1/p4ppp/2p1p3/2P3q1/3r3n/4Q1BP/P1PR1PP1/5R1K b - - 5 26,2495,oneMove,True,False,False,
993,r1bqk2r/pppp1pp1/2n2n1p/2b1P3/2Bp3B/5N2/PPP2PPP/RN1QK2R b KQkq - 1 7,2668,opening,True,False,False,
994,8/pR4pp/6k1/2b5/2P3PK/4r3/PP6/R7 b - - 6 34,1227,mateIn1,True,False,True,
995,r3qknr/pbpnp3/1p1p1bQ1/7p/3P3P/4PN2/PPP2PP1/RNB1K2R w KQ - 1 10,2144,opening,True,False,True,
996,8/p7/1p1pQ1pk/1P1rp2p/7P/4R1P1/P3R2K/5q2 w - - 0 33,1984,attraction,True,False,True,
997,2kr4/p1p3bp/2pp2p1/1q6/5r1P/2B2P2/PPPQ2P1/1K1R3R b - - 5 18,984,queensideAttack,True,False,False,
998,8/RR3rkp/4ppp1/2B5/2q5/2b2P1P/5P2/6K1 w - - 0 37,799,pin,True,False,False,
999,r4r1k/p3q1p1/2p1PpRp/1p1p4/5Q1P/8/PPB3P1/1K6 w - - 1 27,1553,enPassant,True,False,False,
1000,2rqk2r/1b1p1p2/p6p/1p2P1B1/7Q/PB3N2/1P4PP/6K1 w k - 1 28,2146,attackingF2F7,True,False,False,
